game_id,date,team,opponent,player_name,completions/attempts,yards,avg,touchdowns,interceptions,sacks,qbr,rating
401671789,2024-09-06,BAL,KC,Lamar Jackson,26/41,273,6.7,1,0,1-6,62.6,90.8
401671789,2024-09-06,KC,BAL,Patrick Mahomes,20/28,291,10.4,1,1,2-10,68.9,101.9
401671805,2024-09-07,GB,PHI,Jordan Love,17/34,260,7.6,2,1,1-5,28.0,83.0
401671805,2024-09-07,GB,PHI,Malik Willis,0/1,0,0.0,0,0,1-4,26.2,39.6
401671805,2024-09-07,PHI,GB,Jalen Hurts,20/34,278,8.2,2,2,2-12,48.1,80.3
401671744,2024-09-08,PIT,ATL,Justin Fields,17/23,156,6.8,0,0,2-23,34.1,91.9
401671744,2024-09-08,ATL,PIT,Kirk Cousins,16/26,155,6.0,1,2,2-18,33.4,59.0
401671617,2024-09-08,ARI,BUF,Kyler Murray,21/31,162,5.2,1,0,4-16,82.5,91.1
401671617,2024-09-08,BUF,ARI,Josh Allen,18/23,232,10.1,2,0,2-10,91.0,137.7
401671719,2024-09-08,TEN,CHI,Will Levis,19/32,127,4.0,1,2,3-23,34.0,52.5
401671719,2024-09-08,CHI,TEN,Caleb Williams,14/29,93,3.2,0,0,2-29,24.9,55.7
401671628,2024-09-08,NE,CIN,Jacoby Brissett,15/24,121,5.0,0,0,1-1,80.4,75.2
401671628,2024-09-08,CIN,NE,Joe Burrow,21/29,164,5.7,0,0,3-10,44.2,86.0
401671861,2024-09-08,HOU,IND,C.J. Stroud,24/32,234,7.3,2,0,4-30,73.1,115.9
401671861,2024-09-08,IND,HOU,Anthony Richardson,9/19,212,11.2,2,1,2-13,92.1,101.2
401671849,2024-09-08,JAX,MIA,Trevor Lawrence,12/21,162,7.7,1,0,3-23,71.3,97.7
401671849,2024-09-08,MIA,JAX,Tua Tagovailoa,23/37,338,9.1,1,0,3-19,41.6,101.0
401671734,2024-09-08,CAR,NO,Bryce Young,13/30,161,5.4,0,2,4-26,10.4,32.8
401671734,2024-09-08,CAR,NO,Andy Dalton,0/1,0,0.0,0,0,0-0,1.5,39.6
401671734,2024-09-08,NO,CAR,Derek Carr,19/23,200,8.7,3,0,1-1,78.9,142.5
401671734,2024-09-08,NO,CAR,Jake Haener,0/1,0,0.0,0,0,0-0,6.8,39.6
401671712,2024-09-08,MIN,NYG,Sam Darnold,19/24,208,8.7,2,1,1-7,76.1,113.2
401671712,2024-09-08,NYG,MIN,Daniel Jones,22/42,186,4.4,0,2,5-20,23.2,44.3
401671659,2024-09-08,LV,LAC,Gardner Minshew,25/33,257,7.8,1,1,4-32,34.9,95.1
401671659,2024-09-08,LAC,LV,Justin Herbert,17/26,144,5.5,1,0,1-4,26.7,92.5
401671664,2024-09-08,DEN,SEA,Bo Nix,26/42,138,3.3,0,2,2-6,37.3,47.5
401671664,2024-09-08,SEA,DEN,Geno Smith,18/25,171,6.8,1,1,2-13,74.0,87.2
401671761,2024-09-08,DAL,CLE,Dak Prescott,19/32,179,5.6,1,0,3-16,23.1,85.3
401671761,2024-09-08,CLE,DAL,Deshaun Watson,24/45,169,3.8,1,2,6-32,8.0,51.1
401671770,2024-09-08,WSH,TB,Jayden Daniels,17/24,184,7.7,0,0,2-23,34.3,93.1
401671770,2024-09-08,TB,WSH,Baker Mayfield,24/30,289,9.6,4,0,1-9,87.7,146.4
401671792,2024-09-09,LAR,DET,Matthew Stafford,34/49,317,6.5,1,1,2-13,65.7,85.2
401671792,2024-09-09,DET,LAR,Jared Goff,18/28,217,7.8,1,1,2-17,39.6,85.0
401671696,2024-09-10,NYJ,SF,Aaron Rodgers,13/21,167,8.0,1,1,1-5,49.7,82.8
401671696,2024-09-10,NYJ,SF,Tyrod Taylor,6/8,36,4.5,1,0,0-0,95.7,122.9
401671696,2024-09-10,SF,NYJ,Brock Purdy,19/29,231,8.0,0,0,2-6,80.7,89.9
401671696,2024-09-10,SF,NYJ,Deebo Samuel Sr.,0/0,0,0.0,0,0,1-4,0.0,0.0
401671807,2024-09-13,BUF,MIA,Josh Allen,13/19,139,7.3,1,0,0-0,86.9,107.1
401671807,2024-09-13,MIA,BUF,Tua Tagovailoa,17/25,145,5.8,1,3,1-6,18.1,56.7
401671807,2024-09-13,MIA,BUF,Skylar Thompson,8/14,80,5.7,0,0,1-7,0.7,73.5
401671709,2024-09-15,NO,DAL,Derek Carr,11/16,243,15.2,2,1,1-1,99.2,125.0
401671709,2024-09-15,DAL,NO,Dak Prescott,27/39,293,7.5,1,2,3-14,48.5,78.3
401671709,2024-09-15,DAL,NO,Cooper Rush,1/3,6,2.0,0,0,0-0,1.0,42.4
401671721,2024-09-15,TB,DET,Baker Mayfield,12/19,185,9.7,1,1,5-39,57.8,90.9
401671721,2024-09-15,DET,TB,Jared Goff,34/55,307,5.6,0,2,0-0,24.8,61.7
401671721,2024-09-15,DET,TB,Jack Fox,1/1,17,17.0,0,0,0-0,--,118.8
401671723,2024-09-15,IND,GB,Anthony Richardson,17/34,204,6.0,1,3,1-6,34.5,41.8
401671723,2024-09-15,GB,IND,Malik Willis,12/14,122,8.7,1,0,0-0,86.2,126.8
401671636,2024-09-15,NYJ,TEN,Aaron Rodgers,18/30,176,5.9,2,0,2-12,42.3,98.7
401671636,2024-09-15,TEN,NYJ,Will Levis,19/28,192,6.9,1,1,4-22,35.4,84.2
401671645,2024-09-15,SF,MIN,Brock Purdy,28/36,319,8.9,1,1,6-25,47.7,101.3
401671645,2024-09-15,MIN,SF,Sam Darnold,17/26,268,10.3,2,1,3-10,63.0,109.1
401671645,2024-09-15,MIN,SF,Ty Chandler,0/0,0,0.0,0,0,1-1,1.3,0.0
401671702,2024-09-15,SEA,NE,Geno Smith,33/44,327,7.4,1,0,3-15,70.1,103.1
401671702,2024-09-15,NE,SEA,Jacoby Brissett,15/27,149,5.5,1,0,3-24,38.9,83.7
401671716,2024-09-15,NYG,WSH,Daniel Jones,16/28,178,6.4,2,0,1-3,73.3,100.0
401671716,2024-09-15,WSH,NYG,Jayden Daniels,23/29,226,7.8,0,0,5-16,41.0,99.1
401671652,2024-09-15,LAC,CAR,Justin Herbert,14/20,130,6.5,2,1,1-0,84.7,100.0
401671652,2024-09-15,CAR,LAC,Bryce Young,18/26,84,3.2,0,1,2-15,6.3,57.2
401671635,2024-09-15,CLE,JAX,Deshaun Watson,22/34,186,5.5,0,0,2-14,35.1,78.8
401671635,2024-09-15,JAX,CLE,Trevor Lawrence,14/30,220,7.3,0,0,4-24,43.4,71.5
401671624,2024-09-15,LV,BAL,Gardner Minshew,30/38,276,7.3,1,1,5-43,55.6,94.7
401671624,2024-09-15,BAL,LV,Lamar Jackson,21/34,247,7.3,1,1,2-15,43.0,81.4
401671754,2024-09-15,LAR,ARI,Matthew Stafford,19/27,216,8.0,0,0,5-24,30.6,94.1
401671754,2024-09-15,ARI,LAR,Kyler Murray,17/21,266,12.7,3,0,1-8,98.3,158.3
401671668,2024-09-15,PIT,DEN,Justin Fields,13/20,117,5.9,1,0,2-7,55.1,97.3
401671668,2024-09-15,DEN,PIT,Bo Nix,20/35,246,7.0,0,2,2-15,29.8,55.2
401671670,2024-09-15,CIN,KC,Joe Burrow,23/36,258,7.2,2,0,3-12,70.8,103.7
401671670,2024-09-15,KC,CIN,Patrick Mahomes,18/25,151,6.0,2,2,2-14,30.2,80.6
401671786,2024-09-16,CHI,HOU,Caleb Williams,23/37,174,4.7,0,2,7-40,26.9,51.0
401671786,2024-09-16,HOU,CHI,C.J. Stroud,23/36,260,7.2,1,0,3-25,58.6,94.7
401671691,2024-09-17,ATL,PHI,Kirk Cousins,20/29,241,8.3,2,0,1-8,81.1,117.2
401671691,2024-09-17,PHI,ATL,Jalen Hurts,23/30,183,6.1,1,1,1-4,86.3,88.6
401671808,2024-09-20,NE,NYJ,Jacoby Brissett,12/18,98,5.4,0,0,5-46,20.8,80.3
401671808,2024-09-20,NE,NYJ,Drake Maye,4/8,22,2.8,0,0,2-13,12.2,56.2
401671808,2024-09-20,NYJ,NE,Aaron Rodgers,27/35,281,8.0,2,0,2-14,81.4,118.9
401671855,2024-09-22,NYG,CLE,Daniel Jones,24/34,236,6.9,2,0,2-8,68.2,109.4
401671855,2024-09-22,NYG,CLE,Malik Nabers,0/1,0,0.0,0,0,0-0,2.4,39.6
401671855,2024-09-22,CLE,NYG,Deshaun Watson,21/37,196,5.3,2,0,8-48,19.5,89.5
401671823,2024-09-22,GB,TEN,Malik Willis,13/19,202,10.6,1,0,3-12,93.5,120.9
401671823,2024-09-22,TEN,GB,Will Levis,26/34,260,7.6,2,2,8-56,13.6,92.8
401671865,2024-09-22,CHI,IND,Caleb Williams,33/52,363,7.0,2,2,4-31,37.8,80.8
401671865,2024-09-22,IND,CHI,Anthony Richardson,10/20,167,8.4,0,2,1-11,16.0,39.0
401671646,2024-09-22,HOU,MIN,C.J. Stroud,20/31,215,6.9,1,2,4-42,24.0,68.6
401671646,2024-09-22,HOU,MIN,Davis Mills,7/12,79,6.6,0,0,1-7,92.5,78.1
401671646,2024-09-22,HOU,MIN,Stefon Diggs,1/1,13,13.0,0,0,0-0,13.6,118.8
401671646,2024-09-22,MIN,HOU,Sam Darnold,17/28,181,6.5,4,0,4-25,81.0,119.2
401671736,2024-09-22,PHI,NO,Jalen Hurts,29/38,311,8.2,0,1,4-23,35.8,88.8
401671736,2024-09-22,NO,PHI,Derek Carr,14/25,142,5.7,1,1,1-12,47.7,69.1
401671632,2024-09-22,LAC,PIT,Justin Herbert,12/18,125,6.9,1,0,2-16,48.9,105.1
401671632,2024-09-22,LAC,PIT,Taylor Heinicke,2/2,24,12.0,0,0,3-28,5.1,116.7
401671632,2024-09-22,PIT,LAC,Justin Fields,25/32,245,7.7,1,1,2-13,56.2,96.0
401671741,2024-09-22,DEN,TB,Bo Nix,25/36,216,6.0,0,0,0-0,74.3,85.0
401671741,2024-09-22,TB,DEN,Baker Mayfield,25/33,163,4.9,1,1,7-31,10.4,83.3
401671658,2024-09-22,CAR,LV,Andy Dalton,26/37,319,8.6,3,0,2-13,84.7,123.6
401671658,2024-09-22,LV,CAR,Gardner Minshew,18/28,214,7.6,1,1,2-8,32.5,84.5
401671658,2024-09-22,LV,CAR,Aidan O'Connell,9/12,82,6.8,1,0,1-12,90.7,120.8
401671662,2024-09-22,MIA,SEA,Skylar Thompson,13/19,107,5.6,0,0,5-37,5.9,82.6
401671662,2024-09-22,MIA,SEA,Tim Boyle,7/13,79,6.1,0,0,1-9,2.3,72.3
401671662,2024-09-22,SEA,MIA,Geno Smith,26/34,289,8.5,1,2,3-19,45.8,86.5
401671763,2024-09-22,BAL,DAL,Lamar Jackson,12/15,182,12.1,1,0,0-0,96.8,139.4
401671763,2024-09-22,DAL,BAL,Dak Prescott,28/51,379,7.4,2,0,3-18,54.4,91.9
401671772,2024-09-22,SF,LAR,Brock Purdy,22/30,292,9.7,3,0,1-4,90.8,137.1
401671772,2024-09-22,LAR,SF,Matthew Stafford,16/25,221,8.8,1,0,3-23,66.7,105.6
401671772,2024-09-22,LAR,SF,Tutu Atwell,0/1,0,0.0,0,0,0-0,1.7,39.6
401671771,2024-09-22,DET,ARI,Jared Goff,18/23,199,8.7,2,1,2-13,53.6,113.6
401671771,2024-09-22,ARI,DET,Kyler Murray,21/34,207,6.1,1,1,1-7,42.5,76.5
401671793,2024-09-23,KC,ATL,Patrick Mahomes,26/39,217,5.6,2,1,0-0,59.1,87.2
401671793,2024-09-23,ATL,KC,Kirk Cousins,20/29,230,7.9,1,1,2-1,34.4,89.7
401671682,2024-09-23,JAX,BUF,Trevor Lawrence,21/38,178,4.7,1,1,4-36,17.9,65.5
401671682,2024-09-23,JAX,BUF,Mac Jones,5/8,22,2.8,0,0,1-17,3.1,66.7
401671682,2024-09-23,BUF,JAX,Josh Allen,23/30,263,8.8,4,0,0-0,98.2,142.1
401671682,2024-09-23,BUF,JAX,Mitchell Trubisky,1/1,3,3.0,0,0,0-0,2.3,79.2
401671490,2024-09-24,WSH,CIN,Jayden Daniels,21/23,254,11.0,2,0,2-6,95.4,141.7
401671490,2024-09-24,CIN,WSH,Joe Burrow,29/38,324,8.5,3,0,2-12,82.3,127.5
401671812,2024-09-27,DAL,NYG,Dak Prescott,22/27,221,8.2,2,0,1-8,67.0,125.5
401671812,2024-09-27,NYG,DAL,Daniel Jones,29/40,281,7.0,0,1,1-4,61.1,81.4
401671727,2024-09-29,NO,ATL,Derek Carr,28/36,239,6.6,0,1,1-4,39.0,82.8
401671727,2024-09-29,ATL,NO,Kirk Cousins,21/35,238,6.8,0,1,1-11,20.8,68.5
401671871,2024-09-29,LAR,CHI,Matthew Stafford,20/29,224,7.7,0,1,3-21,51.6,77.4
401671871,2024-09-29,CHI,LAR,Caleb Williams,17/23,157,6.8,1,0,3-24,48.6,106.6
401671643,2024-09-29,MIN,GB,Sam Darnold,20/28,275,9.8,3,1,2-21,70.7,123.4
401671643,2024-09-29,GB,MIN,Jordan Love,32/54,389,7.2,4,3,1-10,57.7,83.0
401671867,2024-09-29,PIT,IND,Justin Fields,22/34,312,9.2,1,0,4-30,63.0,104.0
401671867,2024-09-29,IND,PIT,Joe Flacco,16/26,168,6.5,2,0,2-14,64.1,105.9
401671867,2024-09-29,IND,PIT,Anthony Richardson,3/4,71,17.8,0,0,0-0,34.0,116.7
401671622,2024-09-29,DEN,NYJ,Bo Nix,12/25,60,2.4,1,0,0-0,30.1,67.9
401671622,2024-09-29,NYJ,DEN,Aaron Rodgers,24/42,225,5.4,0,0,5-41,27.6,72.0
401671740,2024-09-29,PHI,TB,Jalen Hurts,18/30,158,5.3,1,0,6-44,46.3,85.1
401671740,2024-09-29,TB,PHI,Baker Mayfield,30/47,347,7.4,2,0,2-13,80.5,100.2
401671745,2024-09-29,CIN,CAR,Joe Burrow,22/31,232,7.5,2,1,0-0,87.8,100.5
401671745,2024-09-29,CAR,CIN,Andy Dalton,25/40,220,5.5,2,1,0-0,71.5,83.3
401671745,2024-09-29,CAR,CIN,Johnny Hekker,0/1,0,0.0,0,0,0-0,--,39.6
401671857,2024-09-29,JAX,HOU,Trevor Lawrence,18/33,169,5.1,2,0,1-14,50.8,89.1
401671857,2024-09-29,HOU,JAX,C.J. Stroud,27/40,345,8.6,2,0,2-11,77.1,110.9
401671755,2024-09-29,WSH,ARI,Jayden Daniels,26/30,233,7.8,1,1,0-0,93.3,96.3
401671755,2024-09-29,ARI,WSH,Kyler Murray,16/22,142,6.5,1,0,4-27,38.7,104.7
401671758,2024-09-29,NE,SF,Jacoby Brissett,19/32,168,5.3,1,1,6-25,25.6,70.8
401671758,2024-09-29,SF,NE,Brock Purdy,15/27,288,10.7,1,1,1-5,61.5,89.7
401671672,2024-09-29,CLE,LV,Deshaun Watson,24/32,176,5.5,1,1,3-27,30.1,84.9
401671672,2024-09-29,LV,CLE,Gardner Minshew,14/24,130,5.4,0,0,2-14,33.6,73.3
401671674,2024-09-29,KC,LAC,Patrick Mahomes,19/29,245,8.4,1,1,3-17,66.1,89.0
401671674,2024-09-29,LAC,KC,Justin Herbert,16/27,179,6.6,1,0,2-10,21.6,91.4
401671783,2024-09-30,BUF,BAL,Josh Allen,16/29,180,6.2,0,0,3-27,32.1,73.9
401671783,2024-09-30,BUF,BAL,Mitchell Trubisky,1/2,2,1.0,0,0,0-0,3.6,56.2
401671783,2024-09-30,BAL,BUF,Lamar Jackson,13/18,156,8.7,2,0,1-1,55.8,135.4
401671783,2024-09-30,BAL,BUF,Josh Johnson,1/1,1,1.0,0,0,0-0,0.6,79.2
401671683,2024-09-30,TEN,MIA,Mason Rudolph,9/17,85,5.0,0,0,1-8,47.7,67.0
401671683,2024-09-30,TEN,MIA,Will Levis,3/4,25,6.3,0,1,0-0,1.0,51.0
401671683,2024-09-30,MIA,TEN,Tyler Huntley,14/22,96,4.4,0,0,2-18,10.5,73.3
401671491,2024-10-01,SEA,DET,Geno Smith,38/56,395,7.1,1,1,3-12,67.9,86.5
401671491,2024-10-01,DET,SEA,Jared Goff,18/18,292,16.2,2,0,3-26,94.2,155.8
401671491,2024-10-01,DET,SEA,Amon-Ra St. Brown,1/1,7,7.0,1,0,0-0,99.6,135.4
401671815,2024-10-04,TB,ATL,Baker Mayfield,19/24,180,7.5,3,0,1-7,83.8,137.5
401671815,2024-10-04,ATL,TB,Kirk Cousins,42/58,509,8.8,4,1,4-32,77.4,114.8
401671815,2024-10-04,ATL,TB,Darnell Mooney,0/1,0,0.0,0,0,0-0,3.6,39.6
401671804,2024-10-06,NYJ,MIN,Aaron Rodgers,29/54,244,4.5,2,3,3-26,36.9,54.9
401671804,2024-10-06,MIN,NYJ,Sam Darnold,14/31,179,5.8,0,1,4-32,13.1,50.3
401671804,2024-10-06,MIN,NYJ,Nick Mullens,1/1,24,24.0,0,0,0-0,100.0,118.8
401671872,2024-10-06,CAR,CHI,Andy Dalton,18/28,136,4.9,0,1,3-20,28.5,61.0
401671872,2024-10-06,CAR,CHI,Bryce Young,4/7,58,8.3,0,0,1-2,17.9,84.2
401671872,2024-10-06,CHI,CAR,Caleb Williams,20/29,304,10.5,2,0,1-8,83.6,126.2
401671626,2024-10-06,BAL,CIN,Lamar Jackson,26/42,348,8.3,4,0,1-3,71.2,119.9
401671626,2024-10-06,CIN,BAL,Joe Burrow,30/39,392,10.1,5,1,3-21,80.2,137.0
401671700,2024-10-06,MIA,NE,Tyler Huntley,18/31,194,6.3,0,1,3-15,34.7,63.1
401671700,2024-10-06,NE,MIA,Jacoby Brissett,18/34,160,4.7,0,0,2-12,33.1,65.8
401671718,2024-10-06,CLE,WSH,Deshaun Watson,15/28,125,4.5,1,0,7-33,10.7,77.2
401671718,2024-10-06,CLE,WSH,Jameis Winston,1/1,16,16.0,0,0,0-0,30.3,118.8
401671718,2024-10-06,WSH,CLE,Jayden Daniels,14/25,238,9.5,1,1,3-17,70.2,85.1
401671718,2024-10-06,WSH,CLE,Marcus Mariota,1/3,-2,-0.7,0,0,0-0,0.3,42.4
401671633,2024-10-06,IND,JAX,Joe Flacco,33/44,359,8.2,3,0,4-35,81.4,121.3
401671633,2024-10-06,IND,JAX,Adonai Mitchell,1/1,24,24.0,0,0,0-0,73.0,118.8
401671633,2024-10-06,JAX,IND,Trevor Lawrence,28/34,371,10.9,2,1,0-0,83.1,119.5
401671859,2024-10-06,BUF,HOU,Josh Allen,9/30,131,4.4,1,0,1-5,63.0,56.4
401671859,2024-10-06,HOU,BUF,C.J. Stroud,28/38,331,8.7,1,1,1-0,78.3,97.6
401671747,2024-10-06,LV,DEN,Gardner Minshew,12/17,137,8.1,1,2,2-9,39.8,74.5
401671747,2024-10-06,LV,DEN,Aidan O'Connell,10/20,94,4.7,0,1,1-7,16.5,42.5
401671747,2024-10-06,DEN,LV,Bo Nix,19/27,206,7.6,2,0,3-26,19.0,117.2
401671756,2024-10-06,ARI,SF,Kyler Murray,19/30,195,6.5,1,1,1-6,61.0,79.2
401671756,2024-10-06,SF,ARI,Brock Purdy,19/35,244,7.0,1,2,2-13,36.8,62.1
401671679,2024-10-06,GB,LAR,Jordan Love,15/26,224,8.6,2,1,2-22,68.5,95.7
401671679,2024-10-06,LAR,GB,Matthew Stafford,29/45,260,5.8,1,1,3-24,43.4,78.0
401671680,2024-10-06,NYG,SEA,Daniel Jones,23/34,257,7.6,2,0,3-12,71.7,109.6
401671680,2024-10-06,SEA,NYG,Geno Smith,28/40,284,7.1,1,0,7-53,45.9,98.3
401671784,2024-10-07,DAL,PIT,Dak Prescott,29/42,352,8.4,2,2,2-16,71.0,90.6
401671784,2024-10-07,PIT,DAL,Justin Fields,15/27,131,4.9,2,0,3-16,34.8,93.3
401671784,2024-10-07,PIT,DAL,Kyle Allen,1/1,19,19.0,0,0,0-0,99.4,118.8
401671687,2024-10-08,NO,KC,Derek Carr,18/28,165,5.9,2,1,1-8,65.3,89.1
401671687,2024-10-08,NO,KC,Jake Haener,2/7,17,2.4,0,0,0-0,25.6,39.6
401671687,2024-10-08,KC,NO,Patrick Mahomes,28/39,331,8.5,0,1,2-10,63.6,86.6
401671819,2024-10-11,SF,SEA,Brock Purdy,18/28,255,9.1,3,0,0-0,91.5,129.3
401671819,2024-10-11,SEA,SF,Geno Smith,30/52,312,6.0,1,2,1-6,50.5,65.5
401671802,2024-10-13,JAX,CHI,Trevor Lawrence,23/35,234,6.7,2,1,3-20,61.1,91.8
401671802,2024-10-13,JAX,CHI,Mac Jones,1/1,6,6.0,0,0,1-10,6.5,91.7
401671802,2024-10-13,CHI,JAX,Caleb Williams,23/29,226,7.8,4,1,3-5,91.8,124.4
401671722,2024-10-13,ARI,GB,Kyler Murray,22/32,214,6.7,1,0,0-0,50.6,97.7
401671722,2024-10-13,GB,ARI,Jordan Love,22/32,258,8.1,4,1,0-0,86.5,119.5
401671820,2024-10-13,IND,TEN,Joe Flacco,22/38,189,5.0,2,1,0-0,72.1,77.6
401671820,2024-10-13,TEN,IND,Will Levis,16/27,95,3.5,1,1,0-0,32.0,63.0
401671619,2024-10-13,HOU,NE,C.J. Stroud,20/31,192,6.2,3,1,2-16,74.6,100.5
401671619,2024-10-13,HOU,NE,Davis Mills,0/1,0,0.0,0,0,0-0,1.5,39.6
401671619,2024-10-13,NE,HOU,Drake Maye,20/33,243,7.4,3,2,4-34,34.9,88.3
401671735,2024-10-13,TB,NO,Baker Mayfield,24/36,325,9.0,4,3,1-8,43.5,97.6
401671735,2024-10-13,NO,TB,Spencer Rattler,22/40,243,6.1,1,2,5-21,22.3,60.7
401671714,2024-10-13,CLE,PHI,Deshaun Watson,16/23,168,7.3,0,0,5-24,39.4,90.5
401671714,2024-10-13,PHI,CLE,Jalen Hurts,16/25,264,10.6,2,0,1-8,69.6,126.1
401671625,2024-10-13,WSH,BAL,Jayden Daniels,24/35,269,7.7,2,0,3-16,78.7,110.3
401671625,2024-10-13,BAL,WSH,Lamar Jackson,20/26,323,12.4,1,1,2-15,79.0,114.7
401671655,2024-10-13,LAC,DEN,Justin Herbert,21/34,237,7.0,1,0,3-15,69.4,92.4
401671655,2024-10-13,DEN,LAC,Bo Nix,19/33,216,6.5,2,1,2-10,54.6,84.9
401671657,2024-10-13,PIT,LV,Justin Fields,14/24,145,6.0,0,0,3-35,66.5,75.9
401671657,2024-10-13,LV,PIT,Aidan O'Connell,27/40,227,5.7,1,1,1-9,47.2,79.9
401671764,2024-10-13,DET,DAL,Jared Goff,18/25,315,12.6,3,0,2-17,69.8,153.8
401671764,2024-10-13,DET,DAL,Hendon Hooker,1/2,19,9.5,0,0,1-9,0.3,83.3
401671764,2024-10-13,DAL,DET,Dak Prescott,17/33,178,5.4,0,2,4-26,11.5,42.2
401671764,2024-10-13,DAL,DET,Cooper Rush,8/11,46,4.2,0,1,0-0,11.4,42.2
401671769,2024-10-13,ATL,CAR,Kirk Cousins,19/30,225,7.5,1,0,0-0,87.4,97.2
401671769,2024-10-13,CAR,ATL,Andy Dalton,26/38,221,5.8,2,2,0-0,53.0,78.9
401671791,2024-10-14,CIN,NYG,Joe Burrow,19/28,208,7.4,0,0,4-25,85.6,89.6
401671791,2024-10-14,NYG,CIN,Daniel Jones,22/41,205,5.0,0,1,2-15,22.3,57.5
401671684,2024-10-15,BUF,NYJ,Josh Allen,19/25,215,8.6,2,0,2-5,81.7,127.9
401671684,2024-10-15,NYJ,BUF,Aaron Rodgers,23/35,294,8.4,2,1,3-22,57.4,99.0
401671816,2024-10-18,DEN,NO,Bo Nix,16/26,164,6.3,0,0,0-0,79.5,79.6
401671816,2024-10-18,NO,DEN,Spencer Rattler,25/35,172,4.9,0,0,6-36,47.8,82.1
401671816,2024-10-18,NO,DEN,Jake Haener,3/4,38,9.5,1,0,0-0,99.7,143.8
401671801,2024-10-20,NE,JAX,Drake Maye,26/37,276,7.5,2,0,2-19,48.6,109.7
401671801,2024-10-20,JAX,NE,Trevor Lawrence,15/20,193,9.7,1,0,0-0,95.7,121.5
401671730,2024-10-20,SEA,ATL,Geno Smith,18/28,207,7.4,2,0,1-6,63.5,110.3
401671730,2024-10-20,SEA,ATL,Jaxon Smith-Njigba,1/1,35,35.0,0,0,0-0,100.0,118.8
401671730,2024-10-20,ATL,SEA,Kirk Cousins,24/35,232,6.6,1,2,3-32,44.3,72.6
401671730,2024-10-20,ATL,SEA,Michael Penix Jr.,1/1,14,14.0,0,0,0-0,96.1,118.8
401671616,2024-10-20,TEN,BUF,Mason Rudolph,25/40,215,5.4,1,1,3-15,42.9,74.5
401671616,2024-10-20,BUF,TEN,Josh Allen,21/33,323,9.8,2,0,1-8,66.3,116.1
401671853,2024-10-20,CIN,CLE,Joe Burrow,15/25,181,7.2,2,0,3-17,32.3,108.9
401671853,2024-10-20,CLE,CIN,Deshaun Watson,15/17,128,7.5,0,0,2-13,44.0,98.0
401671853,2024-10-20,CLE,CIN,Dorian Thompson-Robinson,11/24,82,3.4,0,2,1-3,17.0,19.8
401671853,2024-10-20,CLE,CIN,Jameis Winston,5/11,67,6.1,1,0,1-2,77.1,95.6
401671644,2024-10-20,HOU,GB,C.J. Stroud,10/21,86,4.1,0,0,4-31,17.1,58.8
401671644,2024-10-20,GB,HOU,Jordan Love,24/33,220,6.7,3,2,3-25,65.8,95.5
401671864,2024-10-20,MIA,IND,Tyler Huntley,7/13,87,6.7,1,0,2-12,27.7,100.5
401671864,2024-10-20,MIA,IND,Tim Boyle,8/13,74,5.7,0,0,0-0,73.4,77.1
401671864,2024-10-20,IND,MIA,Anthony Richardson,10/24,129,5.4,0,0,0-0,22.5,59.2
401671724,2024-10-20,DET,MIN,Jared Goff,22/25,280,11.2,2,0,4-33,86.1,140.0
401671724,2024-10-20,MIN,DET,Sam Darnold,22/27,259,9.6,1,1,4-15,46.2,103.5
401671710,2024-10-20,PHI,NYG,Jalen Hurts,10/14,114,8.1,1,0,4-36,64.6,119.3
401671710,2024-10-20,PHI,NYG,Kenny Pickett,0/1,0,0.0,0,0,1-8,1.1,39.6
401671710,2024-10-20,NYG,PHI,Daniel Jones,14/21,99,4.7,0,0,7-56,17.5,77.3
401671710,2024-10-20,NYG,PHI,Drew Lock,3/8,6,0.8,0,0,1-6,8.1,45.8
401671663,2024-10-20,LV,LAR,Gardner Minshew,15/34,154,4.5,0,3,2-11,14.0,21.0
401671663,2024-10-20,LV,LAR,Aidan O'Connell,6/10,52,5.2,0,0,0-0,45.6,73.8
401671663,2024-10-20,LAR,LV,Matthew Stafford,14/23,154,6.7,0,1,1-10,33.6,62.6
401671640,2024-10-20,CAR,WSH,Andy Dalton,11/16,93,5.8,0,2,2-4,4.2,44.0
401671640,2024-10-20,CAR,WSH,Bryce Young,2/2,-4,-2.0,0,0,0-0,78.3,79.2
401671640,2024-10-20,WSH,CAR,Marcus Mariota,18/23,205,8.9,2,0,1-4,66.9,132.8
401671640,2024-10-20,WSH,CAR,Jayden Daniels,2/2,6,3.0,0,0,0-0,74.9,79.2
401671777,2024-10-20,KC,SF,Patrick Mahomes,16/27,154,5.7,0,2,2-9,80.9,44.4
401671777,2024-10-20,SF,KC,Brock Purdy,17/31,212,6.8,0,3,1-3,11.2,36.7
401671785,2024-10-21,NYJ,PIT,Aaron Rodgers,24/39,276,7.1,1,2,1-7,50.2,70.0
401671785,2024-10-21,PIT,NYJ,Russell Wilson,16/29,264,9.1,2,0,1-4,61.5,109.0
401671695,2024-10-22,BAL,TB,Lamar Jackson,17/22,281,12.8,5,0,2-17,90.5,158.1
401671695,2024-10-22,TB,BAL,Baker Mayfield,31/45,370,8.2,3,2,3-14,24.0,97.5
401671699,2024-10-22,LAC,ARI,Justin Herbert,27/39,349,8.9,0,0,3-13,67.9,97.1
401671699,2024-10-22,ARI,LAC,Kyler Murray,14/26,145,5.6,1,1,0-0,78.9,67.0
401671817,2024-10-25,MIN,LAR,Sam Darnold,18/25,240,9.6,2,0,3-28,80.0,128.8
401671817,2024-10-25,LAR,MIN,Matthew Stafford,25/34,279,8.2,4,1,0-0,87.7,124.5
401671667,2024-10-27,PHI,CIN,Jalen Hurts,16/20,236,11.8,1,0,0-0,96.5,132.5
401671667,2024-10-27,CIN,PHI,Joe Burrow,26/37,234,6.3,1,1,1-12,91.3,84.7
401671852,2024-10-27,BAL,CLE,Lamar Jackson,23/38,289,7.6,2,0,3-26,77.8,101.8
401671852,2024-10-27,CLE,BAL,Jameis Winston,27/41,334,8.1,3,0,2-13,88.0,115.3
401671720,2024-10-27,TEN,DET,Mason Rudolph,22/38,266,7.0,1,2,1-8,65.1,66.3
401671720,2024-10-27,DET,TEN,Jared Goff,12/15,85,5.7,3,0,4-33,15.7,129.9
401671720,2024-10-27,DET,TEN,Hendon Hooker,2/3,6,2.0,0,0,0-0,68.0,70.1
401671720,2024-10-27,DET,TEN,David Montgomery,1/1,3,3.0,1,0,0-0,100.0,118.8
401671850,2024-10-27,ARI,MIA,Kyler Murray,26/36,307,8.5,2,0,0-0,90.7,116.3
401671850,2024-10-27,MIA,ARI,Tua Tagovailoa,28/38,234,6.2,1,0,1-7,57.7,97.9
401671618,2024-10-27,NYJ,NE,Aaron Rodgers,17/28,233,8.3,2,0,1-9,55.4,111.2
401671618,2024-10-27,NE,NYJ,Jacoby Brissett,15/24,132,5.5,0,0,1-11,74.0,77.1
401671618,2024-10-27,NE,NYJ,Drake Maye,3/6,23,3.8,0,0,1-8,94.4,59.7
401671739,2024-10-27,ATL,TB,Kirk Cousins,23/29,276,9.5,4,0,2-11,72.0,145.9
401671739,2024-10-27,TB,ATL,Baker Mayfield,37/50,330,6.6,3,2,0-0,54.1,94.6
401671707,2024-10-27,GB,JAX,Jordan Love,14/22,196,8.9,0,1,0-0,45.7,73.3
401671707,2024-10-27,GB,JAX,Malik Willis,4/5,56,11.2,1,0,1-0,74.4,152.9
401671707,2024-10-27,JAX,GB,Trevor Lawrence,21/32,308,9.6,2,1,1-9,74.7,104.7
401671856,2024-10-27,IND,HOU,Anthony Richardson,10/32,175,5.5,1,1,5-35,32.2,48.3
401671856,2024-10-27,HOU,IND,C.J. Stroud,25/37,285,7.7,1,0,2-18,63.1,99.5
401671750,2024-10-27,NO,LAC,Spencer Rattler,12/24,156,6.5,0,0,3-16,27.6,70.8
401671750,2024-10-27,NO,LAC,Jake Haener,9/17,122,7.2,0,0,2-16,40.3,76.1
401671750,2024-10-27,NO,LAC,Taysom Hill,1/1,3,3.0,0,0,0-0,59.3,79.2
401671750,2024-10-27,LAC,NO,Justin Herbert,20/32,279,8.7,2,0,3-23,63.5,111.3
401671760,2024-10-27,BUF,SEA,Josh Allen,24/34,283,8.3,2,1,1-2,47.6,102.9
401671760,2024-10-27,SEA,BUF,Geno Smith,21/29,212,7.3,0,1,1-11,9.1,78.5
401671600,2024-10-27,CAR,DEN,Bryce Young,24/37,224,6.1,2,2,2-9,29.6,76.9
401671600,2024-10-27,CAR,DEN,Johnny Hekker,0/1,0,0.0,0,0,0-0,--,39.6
401671600,2024-10-27,DEN,CAR,Bo Nix,28/37,284,7.7,3,0,2-17,80.5,124.2
401671600,2024-10-27,DEN,CAR,Courtland Sutton,1/1,28,28.0,0,0,0-0,100.0,118.8
401671600,2024-10-27,DEN,CAR,Riley Dixon,1/1,3,3.0,0,0,0-0,--,79.2
401671671,2024-10-27,KC,LV,Patrick Mahomes,27/38,262,6.9,2,1,1-10,85.2,96.6
401671671,2024-10-27,LV,KC,Gardner Minshew,24/30,209,7.0,2,0,5-14,66.0,117.9
401671599,2024-10-27,CHI,WSH,Caleb Williams,10/24,131,5.5,0,0,3-26,40.4,59.5
401671599,2024-10-27,WSH,CHI,Jayden Daniels,21/38,326,8.6,1,0,2-13,67.0,92.7
401671795,2024-10-28,DAL,SF,Dak Prescott,25/38,243,6.4,2,2,2-7,36.7,79.2
401671795,2024-10-28,SF,DAL,Brock Purdy,18/26,260,10.0,1,0,2-14,75.9,114.3
401671685,2024-10-29,NYG,PIT,Daniel Jones,24/38,264,6.9,0,1,4-27,35.5,72.7
401671685,2024-10-29,PIT,NYG,Russell Wilson,20/28,278,9.9,1,0,4-19,39.6,114.9
401671809,2024-11-01,HOU,NYJ,C.J. Stroud,11/30,191,6.4,0,0,8-56,23.8,59.2
401671809,2024-11-01,HOU,NYJ,Joe Mixon,0/1,0,0.0,0,0,0-0,1.0,39.6
401671809,2024-11-01,NYJ,HOU,Aaron Rodgers,22/32,211,6.6,3,0,2-18,82.2,118.1
401671728,2024-11-03,DAL,ATL,Dak Prescott,18/24,133,5.5,1,0,3-7,42.3,101.6
401671728,2024-11-03,DAL,ATL,Cooper Rush,13/25,115,4.6,1,0,0-0,47.5,77.9
401671728,2024-11-03,DAL,ATL,Bryan Anger,0/1,0,0.0,0,0,0-0,--,39.6
401671728,2024-11-03,ATL,DAL,Kirk Cousins,19/24,222,9.3,3,0,2-12,59.6,144.8
401671493,2024-11-03,MIA,BUF,Tua Tagovailoa,25/28,231,8.3,2,0,1-7,88.8,124.9
401671493,2024-11-03,BUF,MIA,Josh Allen,25/39,235,6.0,3,1,1-4,74.0,95.6
401671704,2024-11-03,LV,CIN,Gardner Minshew,10/17,124,7.3,0,0,1-7,35.7,81.5
401671704,2024-11-03,LV,CIN,Desmond Ridder,11/16,74,4.6,1,0,4-34,39.8,99.5
401671704,2024-11-03,CIN,LV,Joe Burrow,27/39,251,6.4,5,1,1-8,83.5,115.5
401671629,2024-11-03,LAC,CLE,Justin Herbert,18/27,282,10.4,2,0,6-36,55.9,125.8
401671629,2024-11-03,CLE,LAC,Jameis Winston,26/46,235,5.1,1,3,6-22,22.5,50.5
401671822,2024-11-03,NE,TEN,Drake Maye,29/41,206,5.0,1,2,4-21,58.8,69.8
401671822,2024-11-03,TEN,NE,Mason Rudolph,20/33,240,7.3,2,1,1-7,61.0,90.5
401671711,2024-11-03,WSH,NYG,Jayden Daniels,15/22,209,9.5,2,0,0-0,95.7,128.8
401671711,2024-11-03,NYG,WSH,Daniel Jones,20/26,174,6.7,2,0,2-12,78.4,119.7
401671650,2024-11-03,NO,CAR,Derek Carr,18/31,236,7.6,1,0,1-6,52.5,92.9
401671650,2024-11-03,NO,CAR,Taysom Hill,0/1,0,0.0,0,0,0-0,96.2,39.6
401671650,2024-11-03,CAR,NO,Bryce Young,16/26,171,6.6,1,1,1-5,41.1,77.6
401671623,2024-11-03,DEN,BAL,Bo Nix,19/33,223,6.8,0,1,4-28,60.6,65.6
401671623,2024-11-03,DEN,BAL,Courtland Sutton,1/1,2,2.0,1,0,0-0,100.0,118.8
401671623,2024-11-03,BAL,DEN,Lamar Jackson,16/19,280,14.7,3,0,1-11,96.2,158.3
401671797,2024-11-03,JAX,PHI,Trevor Lawrence,16/31,169,5.5,0,2,2-14,35.4,40.9
401671797,2024-11-03,PHI,JAX,Jalen Hurts,18/24,230,9.6,2,0,3-20,46.2,132.3
401671661,2024-11-03,CHI,ARI,Caleb Williams,22/41,217,5.3,0,0,6-45,22.0,68.9
401671661,2024-11-03,ARI,CHI,Kyler Murray,13/20,154,7.7,0,0,3-17,24.5,88.3
401671767,2024-11-03,DET,GB,Jared Goff,18/22,145,6.6,1,0,1-8,87.0,109.3
401671767,2024-11-03,GB,DET,Jordan Love,23/39,273,7.0,0,1,0-0,28.3,69.7
401671776,2024-11-03,LAR,SEA,Matthew Stafford,25/44,298,6.8,2,1,0-0,65.6,83.3
401671776,2024-11-03,SEA,LAR,Geno Smith,21/34,363,10.7,3,3,7-46,19.9,90.7
401671647,2024-11-04,IND,MIN,Joe Flacco,16/27,179,6.6,0,1,3-20,13.9,63.7
401671647,2024-11-04,MIN,IND,Sam Darnold,28/34,290,8.5,3,2,4-30,55.6,107.1
401671647,2024-11-04,MIN,IND,Justin Jefferson,1/1,22,22.0,0,0,0-0,31.2,118.8
401671688,2024-11-05,TB,KC,Baker Mayfield,23/31,200,6.5,2,0,2-11,60.2,112.3
401671688,2024-11-05,KC,TB,Patrick Mahomes,34/44,291,6.6,3,0,4-31,77.5,116.8
401671810,2024-11-08,CIN,BAL,Joe Burrow,34/56,428,7.6,4,0,3-7,71.9,108.3
401671810,2024-11-08,BAL,CIN,Lamar Jackson,25/33,290,8.8,4,0,0-0,87.6,141.4
401671803,2024-11-10,NYG,CAR,Daniel Jones,22/37,190,5.1,0,2,2-15,35.3,50.5
401671803,2024-11-10,CAR,NYG,Bryce Young,15/25,126,5.0,1,0,1-8,57.2,86.4
401671873,2024-11-10,NE,CHI,Drake Maye,15/25,184,7.4,1,1,1-0,63.3,79.4
401671873,2024-11-10,CHI,NE,Caleb Williams,16/30,120,4.0,0,0,9-51,13.4,63.2
401671863,2024-11-10,BUF,IND,Josh Allen,22/37,280,7.6,0,2,2-0,50.8,60.6
401671863,2024-11-10,IND,BUF,Joe Flacco,26/35,272,7.8,2,3,4-32,19.3,79.7
401671637,2024-11-10,DEN,KC,Bo Nix,22/30,215,7.2,2,0,2-33,66.5,115.3
401671637,2024-11-10,KC,DEN,Patrick Mahomes,28/42,266,6.3,1,0,4-23,56.2,92.0
401671733,2024-11-10,ATL,NO,Kirk Cousins,23/38,306,8.1,0,1,3-19,39.7,75.1
401671733,2024-11-10,NO,ATL,Derek Carr,16/25,269,10.8,2,0,0-0,48.8,126.9
401671742,2024-11-10,SF,TB,Brock Purdy,25/36,353,9.8,2,0,3-15,80.7,119.3
401671742,2024-11-10,TB,SF,Baker Mayfield,18/29,116,4.0,1,0,2-11,37.9,82.0
401671641,2024-11-10,PIT,WSH,Russell Wilson,14/28,195,7.0,3,1,3-23,78.0,93.6
401671641,2024-11-10,PIT,WSH,Miles Killebrew,0/1,0,0.0,0,0,0-0,--,39.6
401671641,2024-11-10,WSH,PIT,Jayden Daniels,17/34,202,5.9,0,0,3-20,31.8,68.5
401671708,2024-11-10,MIN,JAX,Sam Darnold,24/38,241,6.3,0,3,1-8,37.1,48.2
401671708,2024-11-10,JAX,MIN,Mac Jones,14/22,111,5.0,0,2,3-24,10.8,38.3
401671751,2024-11-10,TEN,LAC,Will Levis,18/23,175,7.6,2,0,7-18,59.0,127.4
401671751,2024-11-10,LAC,TEN,Justin Herbert,14/18,164,9.1,1,0,0-0,85.8,123.1
401671676,2024-11-10,PHI,DAL,Jalen Hurts,14/20,202,10.1,2,1,5-46,58.9,115.0
401671676,2024-11-10,PHI,DAL,Kenny Pickett,1/2,5,2.5,0,0,0-0,38.4,56.2
401671676,2024-11-10,DAL,PHI,Cooper Rush,13/23,45,2.0,0,0,1-10,17.1,61.7
401671676,2024-11-10,DAL,PHI,Trey Lance,4/6,21,3.5,0,1,2-7,16.5,32.6
401671678,2024-11-10,NYJ,ARI,Aaron Rodgers,22/35,151,4.3,0,0,3-23,26.8,72.4
401671678,2024-11-10,ARI,NYJ,Kyler Murray,22/24,266,11.1,1,0,1-7,95.5,126.7
401671787,2024-11-11,DET,HOU,Jared Goff,15/30,240,8.0,2,5,0-0,31.9,59.7
401671787,2024-11-11,HOU,DET,C.J. Stroud,19/33,232,7.0,1,2,4-40,28.9,64.2
401671693,2024-11-12,MIA,LAR,Tua Tagovailoa,20/28,207,7.4,1,1,3-36,29.4,89.4
401671693,2024-11-12,LAR,MIA,Matthew Stafford,32/46,293,6.4,0,1,4-36,37.1,77.5
401671813,2024-11-15,WSH,PHI,Jayden Daniels,22/32,191,6.0,1,1,3-20,21.2,81.6
401671813,2024-11-15,PHI,WSH,Jalen Hurts,18/28,221,7.9,0,0,2-15,51.3,88.5
401671869,2024-11-17,GB,CHI,Jordan Love,13/17,261,15.4,1,1,1-1,79.4,113.0
401671869,2024-11-17,CHI,GB,Caleb Williams,23/31,231,7.5,0,0,3-19,82.9,95.0
401671642,2024-11-17,JAX,DET,Mac Jones,17/29,138,4.8,0,1,1-9,26.1,56.4
401671642,2024-11-17,DET,JAX,Jared Goff,24/29,412,14.2,4,0,0-0,94.6,158.3
401671642,2024-11-17,DET,JAX,Hendon Hooker,3/4,37,9.3,0,0,0-0,88.2,103.1
401671824,2024-11-17,MIN,TEN,Sam Darnold,20/32,246,7.7,2,0,2-10,67.7,107.0
401671824,2024-11-17,TEN,MIN,Will Levis,17/31,295,9.5,1,1,5-34,37.4,84.7
401671851,2024-11-17,LV,MIA,Gardner Minshew,30/43,282,6.6,2,1,3-14,53.2,93.4
401671851,2024-11-17,MIA,LV,Tua Tagovailoa,28/36,288,8.0,3,0,2-17,91.0,127.8
401671701,2024-11-17,LAR,NE,Matthew Stafford,18/27,295,10.9,4,0,0-0,83.9,142.7
401671701,2024-11-17,NE,LAR,Drake Maye,29/39,282,7.1,2,1,3-25,73.8,100.6
401671746,2024-11-17,CLE,NO,Jameis Winston,30/46,395,8.6,2,0,3-18,63.9,106.7
401671746,2024-11-17,CLE,NO,Dorian Thompson-Robinson,0/1,0,0.0,0,0,0-0,6.9,39.6
401671746,2024-11-17,NO,CLE,Derek Carr,21/27,248,9.2,2,0,1-7,65.7,129.6
401671746,2024-11-17,NO,CLE,Taysom Hill,1/2,18,9.0,0,1,0-0,100.0,41.7
401671782,2024-11-17,IND,NYJ,Anthony Richardson,20/30,272,9.1,1,0,2-31,75.1,106.5
401671782,2024-11-17,NYJ,IND,Aaron Rodgers,22/29,184,6.3,2,0,3-22,38.4,114.7
401671630,2024-11-17,BAL,PIT,Lamar Jackson,16/33,207,6.3,1,1,2-2,54.8,66.1
401671630,2024-11-17,PIT,BAL,Russell Wilson,23/36,205,5.7,0,1,4-24,17.5,67.5
401671748,2024-11-17,ATL,DEN,Kirk Cousins,18/27,173,6.4,0,1,3-21,29.0,68.9
401671748,2024-11-17,ATL,DEN,Michael Penix Jr.,2/4,24,6.0,0,0,1-0,93.5,68.8
401671748,2024-11-17,DEN,ATL,Bo Nix,28/33,307,9.3,4,0,1-12,74.8,145.0
401671757,2024-11-17,SEA,SF,Geno Smith,25/32,221,6.9,0,1,4-26,82.1,82.4
401671757,2024-11-17,SF,SEA,Brock Purdy,21/28,159,5.7,1,1,2-13,81.1,85.3
401671665,2024-11-17,KC,BUF,Patrick Mahomes,23/33,196,5.9,3,2,2-15,59.6,90.0
401671665,2024-11-17,BUF,KC,Josh Allen,27/40,262,6.6,1,1,0-0,83.1,83.5
401671675,2024-11-18,CIN,LAC,Joe Burrow,28/50,356,7.1,3,0,3-14,82.3,98.4
401671675,2024-11-18,LAC,CIN,Justin Herbert,17/36,297,8.3,2,0,2-17,47.6,94.3
401671694,2024-11-19,HOU,DAL,C.J. Stroud,23/34,257,7.6,0,1,1-7,51.7,77.7
401671694,2024-11-19,DAL,HOU,Cooper Rush,32/55,354,6.4,1,1,5-34,30.7,75.9
401671694,2024-11-19,DAL,HOU,Bryan Anger,1/1,4,4.0,0,0,0-0,--,83.3
401671875,2024-11-22,PIT,CLE,Russell Wilson,21/28,270,9.6,1,0,4-22,76.2,116.7
401671875,2024-11-22,PIT,CLE,Justin Fields,0/1,0,0.0,0,0,0-0,2.5,39.6
401671875,2024-11-22,CLE,PIT,Jameis Winston,18/27,219,8.1,0,1,1-0,78.5,76.0
401671870,2024-11-24,MIN,CHI,Sam Darnold,22/34,330,9.7,2,0,3-16,82.6,116.1
401671870,2024-11-24,MIN,CHI,Nick Mullens,1/1,14,14.0,0,0,0-0,28.0,118.8
401671870,2024-11-24,CHI,MIN,Caleb Williams,32/47,340,7.2,2,0,3-20,74.1,103.1
401671870,2024-11-24,CHI,MIN,DJ Moore,0/1,0,0.0,0,0,0-0,3.1,39.6
401671866,2024-11-24,DET,IND,Jared Goff,26/36,269,7.5,0,0,3-16,42.1,93.4
401671866,2024-11-24,IND,DET,Anthony Richardson,11/28,172,6.1,0,0,0-0,42.1,60.4
401671847,2024-11-24,NE,MIA,Drake Maye,22/37,222,6.0,1,1,4-39,47.1,74.4
401671847,2024-11-24,NE,MIA,Kendrick Bourne,0/1,0,0.0,0,0,0-0,4.2,39.6
401671847,2024-11-24,MIA,NE,Tua Tagovailoa,29/40,317,7.9,4,0,2-9,60.0,128.9
401671638,2024-11-24,TB,NYG,Baker Mayfield,24/30,294,9.8,0,0,0-0,86.1,107.5
401671638,2024-11-24,NYG,TB,Tommy DeVito,21/31,189,6.1,0,0,4-23,15.1,83.9
401671638,2024-11-24,NYG,TB,Drew Lock,1/1,3,3.0,0,0,0-0,21.7,79.2
401671715,2024-11-24,DAL,WSH,Cooper Rush,24/32,247,7.7,2,0,1-6,53.3,117.6
401671715,2024-11-24,WSH,DAL,Jayden Daniels,25/38,275,7.2,2,2,4-8,62.1,82.7
401671651,2024-11-24,KC,CAR,Patrick Mahomes,27/37,269,7.3,3,0,5-43,66.4,120.2
401671651,2024-11-24,CAR,KC,Bryce Young,21/35,263,7.5,1,0,2-14,46.3,92.9
401671858,2024-11-24,TEN,HOU,Will Levis,18/24,278,11.6,2,1,8-41,66.7,123.3
401671858,2024-11-24,TEN,HOU,Tyler Boyd,0/1,0,0.0,0,0,0-0,4.1,39.6
401671858,2024-11-24,HOU,TEN,C.J. Stroud,20/33,247,7.5,2,2,4-27,23.5,78.7
401671656,2024-11-24,DEN,LV,Bo Nix,25/42,273,6.5,2,0,1-11,66.6,94.6
401671656,2024-11-24,LV,DEN,Gardner Minshew,25/42,230,5.5,1,1,3-12,28.0,72.5
401671656,2024-11-24,LV,DEN,Desmond Ridder,5/10,64,6.4,0,0,2-16,2.6,70.4
401671656,2024-11-24,LV,DEN,AJ Cole,1/1,34,34.0,0,0,0-0,--,118.8
401671768,2024-11-24,SF,GB,Brandon Allen,17/29,199,6.9,1,1,2-2,36.3,76.7
401671768,2024-11-24,GB,SF,Jordan Love,13/23,163,7.1,2,0,2-7,56.6,107.7
401671775,2024-11-24,ARI,SEA,Kyler Murray,24/37,285,7.7,0,1,5-36,53.2,77.0
401671775,2024-11-24,SEA,ARI,Geno Smith,22/31,254,8.2,1,1,5-34,45.6,92.7
401671794,2024-11-25,PHI,LAR,Jalen Hurts,15/22,179,8.1,1,0,1-12,78.9,108.0
401671794,2024-11-25,LAR,PHI,Matthew Stafford,24/36,243,6.8,2,0,5-45,77.4,104.3
401671689,2024-11-26,BAL,LAC,Lamar Jackson,16/22,177,8.0,2,0,1-0,86.6,126.5
401671689,2024-11-26,LAC,BAL,Justin Herbert,21/36,218,6.1,0,0,4-16,75.0,75.9
401671492,2024-11-28,CHI,DET,Caleb Williams,20/39,256,6.6,3,0,5-33,61.1,97.8
401671492,2024-11-28,DET,CHI,Jared Goff,21/34,221,6.5,2,0,1-9,61.9,100.2
401671492,2024-11-28,DET,CHI,Penei Sewell,0/0,0,0.0,0,0,1-1,1.9,0.0
401671779,2024-11-28,NYG,DAL,Drew Lock,21/32,178,5.6,0,1,6-47,39.9,66.9
401671779,2024-11-28,DAL,NYG,Cooper Rush,21/36,195,5.4,1,0,0-0,46.5,82.5
401671798,2024-11-29,MIA,GB,Tua Tagovailoa,37/46,365,7.9,2,0,5-29,59.1,114.2
401671798,2024-11-29,GB,MIA,Jordan Love,21/28,274,9.8,2,0,0-0,85.6,129.2
401671806,2024-11-29,LV,KC,Aidan O'Connell,23/35,340,9.7,2,0,3-22,61.5,116.4
401671806,2024-11-29,KC,LV,Patrick Mahomes,26/46,306,6.7,1,0,5-40,47.0,84.1
401671649,2024-12-01,LAC,ATL,Justin Herbert,16/23,147,6.4,0,0,5-19,25.7,86.7
401671649,2024-12-01,LAC,ATL,JK Scott,1/1,3,3.0,0,0,0-0,--,79.2
401671649,2024-12-01,ATL,LAC,Kirk Cousins,24/39,245,6.3,0,4,1-11,32.6,40.0
401671627,2024-12-01,PIT,CIN,Russell Wilson,29/38,414,10.9,3,1,2-4,85.6,126.4
401671627,2024-12-01,CIN,PIT,Joe Burrow,28/38,309,8.1,3,1,4-27,46.0,112.7
401671726,2024-12-01,ARI,MIN,Kyler Murray,31/45,260,5.8,1,2,1-8,75.8,72.5
401671726,2024-12-01,MIN,ARI,Sam Darnold,21/31,235,7.6,2,0,5-30,61.9,111.6
401671620,2024-12-01,IND,NE,Anthony Richardson,12/24,109,4.5,2,2,0-0,74.4,55.7
401671620,2024-12-01,NE,IND,Drake Maye,24/30,238,7.9,1,1,4-16,76.3,96.9
401671703,2024-12-01,SEA,NYJ,Geno Smith,20/31,206,6.6,1,0,3-31,55.7,94.3
401671703,2024-12-01,NYJ,SEA,Aaron Rodgers,21/39,185,4.7,2,1,2-16,29.9,73.1
401671743,2024-12-01,TEN,WSH,Will Levis,18/37,212,5.7,2,0,2-2,54.1,84.5
401671743,2024-12-01,WSH,TEN,Jayden Daniels,25/30,206,6.9,3,1,2-10,81.3,114.7
401671705,2024-12-01,HOU,JAX,C.J. Stroud,22/34,242,7.1,1,0,2-24,54.8,95.5
401671705,2024-12-01,JAX,HOU,Mac Jones,20/32,235,7.3,2,0,0-0,55.4,105.6
401671705,2024-12-01,JAX,HOU,Trevor Lawrence,4/10,41,4.1,0,1,0-0,15.1,12.9
401671753,2024-12-01,LAR,NO,Matthew Stafford,14/24,183,7.6,2,0,2-17,63.0,110.2
401671753,2024-12-01,NO,LAR,Derek Carr,24/37,184,5.0,1,0,0-0,76.3,85.9
401671752,2024-12-01,TB,CAR,Baker Mayfield,21/33,235,7.1,1,2,4-31,8.7,69.6
401671752,2024-12-01,TB,CAR,Kyle Trask,1/1,5,5.0,0,0,0-0,89.4,87.5
401671752,2024-12-01,CAR,TB,Bryce Young,26/46,298,6.5,1,0,1-9,60.4,83.4
401671666,2024-12-01,PHI,BAL,Jalen Hurts,11/19,118,6.2,1,0,2-6,58.8,93.8
401671666,2024-12-01,BAL,PHI,Lamar Jackson,23/36,237,6.6,2,0,3-31,39.2,101.3
401671781,2024-12-02,SF,BUF,Brock Purdy,11/18,94,5.2,0,0,2-8,11.8,74.8
401671781,2024-12-02,BUF,SF,Josh Allen,13/17,148,8.7,2,0,0-0,95.3,141.3
401671781,2024-12-02,BUF,SF,Mitchell Trubisky,1/1,4,4.0,0,0,0-0,4.4,83.3
401671686,2024-12-03,CLE,DEN,Jameis Winston,34/58,497,8.6,4,3,3-22,71.2,88.1
401671686,2024-12-03,DEN,CLE,Bo Nix,18/35,294,8.4,1,2,0-0,40.5,65.7
401671814,2024-12-06,GB,DET,Jordan Love,12/20,206,10.3,1,0,1-7,91.6,111.7
401671814,2024-12-06,DET,GB,Jared Goff,32/41,283,6.9,3,1,1-3,91.4,109.7
401671821,2024-12-08,JAX,TEN,Mac Jones,23/31,220,7.1,0,2,1-0,30.8,66.6
401671821,2024-12-08,TEN,JAX,Will Levis,19/32,168,5.3,0,0,2-22,20.9,73.4
401671848,2024-12-08,NYJ,MIA,Aaron Rodgers,27/39,339,8.7,1,0,3-20,76.7,104.5
401671848,2024-12-08,MIA,NYJ,Tua Tagovailoa,33/47,331,7.0,2,0,0-0,82.0,104.1
401671648,2024-12-08,ATL,MIN,Kirk Cousins,23/37,344,9.3,0,2,1-6,63.6,70.1
401671648,2024-12-08,MIN,ATL,Sam Darnold,22/28,347,12.4,5,0,4-29,83.8,157.9
401671601,2024-12-08,NO,NYG,Derek Carr,20/31,219,7.1,1,1,1-9,57.6,82.6
401671601,2024-12-08,NO,NYG,Jake Haener,0/0,0,0.0,0,0,1-10,0.4,0.0
401671601,2024-12-08,NYG,NO,Drew Lock,21/49,227,4.6,0,1,2-14,44.5,48.6
401671713,2024-12-08,CAR,PHI,Bryce Young,19/34,191,5.6,1,1,1-7,86.0,69.6
401671713,2024-12-08,PHI,CAR,Jalen Hurts,14/21,108,5.1,2,0,4-25,69.4,110.8
401671631,2024-12-08,CLE,PIT,Jameis Winston,24/41,212,5.2,2,2,3-16,34.0,68.3
401671631,2024-12-08,PIT,CLE,Russell Wilson,15/26,158,6.1,2,0,1-11,53.0,101.1
401671654,2024-12-08,LV,TB,Aidan O'Connell,11/19,104,5.5,0,1,1-10,7.7,51.2
401671654,2024-12-08,LV,TB,Desmond Ridder,12/18,101,5.6,0,0,1-0,63.3,81.0
401671654,2024-12-08,TB,LV,Baker Mayfield,18/29,295,10.2,3,2,4-27,43.1,101.9
401671660,2024-12-08,SEA,ARI,Geno Smith,24/30,233,7.8,1,0,0-0,45.9,110.1
401671660,2024-12-08,ARI,SEA,Kyler Murray,25/38,259,6.8,2,2,2-24,40.6,80.9
401671773,2024-12-08,BUF,LAR,Josh Allen,22/37,342,9.2,3,0,0-0,91.9,117.2
401671773,2024-12-08,LAR,BUF,Matthew Stafford,23/30,320,10.7,2,0,0-0,97.5,132.6
401671774,2024-12-08,CHI,SF,Caleb Williams,17/23,134,5.8,2,0,7-46,31.1,116.9
401671774,2024-12-08,CHI,SF,Tyson Bagent,1/1,6,6.0,0,0,0-0,69.2,91.7
401671774,2024-12-08,SF,CHI,Brock Purdy,20/25,325,13.0,2,0,1-4,97.2,145.4
401671774,2024-12-08,SF,CHI,Brandon Allen,0/1,0,0.0,0,1,0-0,0.3,0.0
401671788,2024-12-09,LAC,KC,Justin Herbert,21/30,213,7.1,1,0,3-19,68.0,101.1
401671788,2024-12-09,KC,LAC,Patrick Mahomes,24/37,210,5.7,1,0,3-8,58.0,88.8
401671690,2024-12-10,CIN,DAL,Joe Burrow,33/44,369,8.4,3,1,2-10,73.0,112.8
401671690,2024-12-10,DAL,CIN,Cooper Rush,16/31,183,5.9,2,1,3-17,23.1,77.8
401671818,2024-12-13,LAR,SF,Matthew Stafford,16/27,160,5.9,0,0,0-0,64.5,76.2
401671818,2024-12-13,SF,LAR,Brock Purdy,14/31,142,4.6,0,1,3-14,22.6,45.4
401671854,2024-12-15,KC,CLE,Patrick Mahomes,19/38,159,4.2,2,0,0-0,58.7,78.7
401671854,2024-12-15,KC,CLE,Carson Wentz,2/2,20,10.0,0,0,0-0,35.0,108.3
401671854,2024-12-15,CLE,KC,Jameis Winston,16/25,146,5.8,0,3,5-37,3.4,40.2
401671854,2024-12-15,CLE,KC,Dorian Thompson-Robinson,4/9,18,2.0,0,1,0-0,24.5,12.0
401671825,2024-12-15,CIN,TEN,Joe Burrow,26/37,271,7.3,3,2,1-2,71.0,95.7
401671825,2024-12-15,TEN,CIN,Mason Rudolph,21/26,209,8.0,2,1,0-0,54.0,109.8
401671825,2024-12-15,TEN,CIN,Will Levis,8/12,89,7.4,0,3,1-7,1.2,49.0
401671737,2024-12-15,WSH,NO,Jayden Daniels,25/31,226,7.3,2,0,8-37,60.4,118.5
401671737,2024-12-15,NO,WSH,Spencer Rattler,10/21,135,6.4,1,0,0-0,82.5,84.4
401671737,2024-12-15,NO,WSH,Jake Haener,4/10,49,4.9,0,1,3-29,2.6,16.2
401671737,2024-12-15,NO,WSH,Cedrick Wilson Jr.,1/1,21,21.0,1,0,0-0,100.0,158.3
401671639,2024-12-15,BAL,NYG,Lamar Jackson,21/25,290,11.6,5,0,2-10,93.3,154.6
401671639,2024-12-15,BAL,NYG,Josh Johnson,0/0,0,0.0,0,0,1-5,0.1,0.0
401671639,2024-12-15,NYG,BAL,Tim Boyle,12/24,123,5.1,1,1,1-2,49.5,61.6
401671639,2024-12-15,NYG,BAL,Tommy DeVito,10/13,68,5.2,0,0,2-8,45.8,88.0
401671731,2024-12-15,DAL,CAR,Cooper Rush,18/29,214,7.4,3,0,1-15,53.9,119.0
401671731,2024-12-15,CAR,DAL,Bryce Young,19/28,219,7.8,1,2,6-44,10.0,73.4
401671706,2024-12-15,NYJ,JAX,Aaron Rodgers,16/30,289,9.6,3,0,1-14,81.9,120.0
401671706,2024-12-15,JAX,NYJ,Mac Jones,31/46,294,6.4,2,2,2-9,49.6,81.2
401671860,2024-12-15,MIA,HOU,Tua Tagovailoa,29/40,196,4.9,1,3,3-24,44.8,60.0
401671860,2024-12-15,HOU,MIA,C.J. Stroud,18/26,131,5.0,2,0,4-27,43.5,106.4
401671669,2024-12-15,IND,DEN,Anthony Richardson,17/38,172,4.5,0,2,2-11,27.6,36.3
401671669,2024-12-15,DEN,IND,Bo Nix,20/33,130,3.9,3,3,1-9,14.5,61.4
401671681,2024-12-15,BUF,DET,Josh Allen,23/34,362,10.6,2,0,0-0,95.3,122.4
401671681,2024-12-15,DET,BUF,Jared Goff,38/59,494,8.4,5,0,3-21,76.3,118.9
401671766,2024-12-15,PIT,PHI,Russell Wilson,14/22,128,5.8,1,0,2-21,36.0,94.5
401671766,2024-12-15,PHI,PIT,Jalen Hurts,25/32,290,9.1,2,0,3-20,75.1,125.3
401671677,2024-12-15,NE,ARI,Drake Maye,19/23,202,8.8,1,1,2-7,37.8,99.6
401671677,2024-12-15,ARI,NE,Kyler Murray,23/30,224,7.5,0,0,0-0,49.2,97.1
401671677,2024-12-15,ARI,NE,Clayton Tune,2/2,8,4.0,0,0,0-0,95.0,83.3
401671762,2024-12-15,TB,LAC,Baker Mayfield,22/27,288,10.7,4,1,1-5,94.9,135.3
401671762,2024-12-15,LAC,TB,Justin Herbert,21/33,195,5.9,2,1,3-25,38.6,87.3
401671762,2024-12-15,LAC,TB,Taylor Heinicke,1/1,4,4.0,0,0,0-0,57.8,83.3
401671796,2024-12-16,GB,SEA,Jordan Love,20/27,229,8.5,2,0,0-0,90.4,123.8
401671796,2024-12-16,SEA,GB,Geno Smith,15/19,149,7.8,0,1,3-24,41.5,77.4
401671796,2024-12-16,SEA,GB,Sam Howell,5/14,24,1.7,0,1,4-21,3.3,14.6
401671489,2024-12-17,CHI,MIN,Caleb Williams,18/31,191,6.2,1,0,2-25,23.4,86.9
401671489,2024-12-17,CHI,MIN,Tyson Bagent,1/1,5,5.0,0,0,0-0,32.4,87.5
401671489,2024-12-17,MIN,CHI,Sam Darnold,24/40,231,5.8,1,1,2-16,49.4,74.1
401671697,2024-12-17,ATL,LV,Kirk Cousins,11/17,112,6.6,1,1,3-19,8.5,78.6
401671697,2024-12-17,LV,ATL,Desmond Ridder,23/39,208,5.3,1,2,3-14,25.0,60.6
401671697,2024-12-17,LV,ATL,Jakobi Meyers,0/0,0,0.0,0,0,1-10,0.0,0.0
401671749,2024-12-20,DEN,LAC,Bo Nix,29/40,263,6.6,2,0,2-18,64.6,106.6
401671749,2024-12-20,LAC,DEN,Justin Herbert,23/31,284,9.2,2,1,2-21,84.8,110.1
401671780,2024-12-21,HOU,KC,C.J. Stroud,23/39,244,6.3,2,2,2-17,63.5,73.0
401671780,2024-12-21,KC,HOU,Patrick Mahomes,28/41,260,6.3,1,0,1-9,86.7,93.5
401671778,2024-12-21,PIT,BAL,Russell Wilson,22/33,217,6.6,2,1,3-19,42.0,92.6
401671778,2024-12-21,BAL,PIT,Lamar Jackson,15/23,207,9.0,3,1,1-9,64.8,115.4
401671729,2024-12-22,NYG,ATL,Drew Lock,22/39,210,5.4,1,2,3-21,7.2,58.7
401671729,2024-12-22,ATL,NYG,Michael Penix Jr.,18/27,202,7.5,0,1,0-0,45.9,73.4
401671868,2024-12-22,DET,CHI,Jared Goff,23/32,336,10.5,3,0,1-7,80.7,137.0
401671868,2024-12-22,CHI,DET,Caleb Williams,26/40,334,8.4,2,0,2-11,38.0,107.7
401671811,2024-12-22,CLE,CIN,Dorian Thompson-Robinson,20/34,157,4.6,0,2,5-32,19.1,45.8
401671811,2024-12-22,CIN,CLE,Joe Burrow,23/30,252,8.4,3,0,4-42,78.3,134.3
401671862,2024-12-22,TEN,IND,Mason Rudolph,23/34,252,7.4,2,3,1-10,52.0,72.2
401671862,2024-12-22,IND,TEN,Anthony Richardson,7/11,131,11.9,1,1,1-8,66.8,97.2
401671621,2024-12-22,LAR,NYJ,Matthew Stafford,14/19,110,5.8,1,1,0-0,49.3,83.2
401671621,2024-12-22,NYJ,LAR,Aaron Rodgers,28/42,256,6.1,1,0,1-10,38.0,91.0
401671717,2024-12-22,PHI,WSH,Kenny Pickett,14/24,143,6.0,1,1,3-25,60.1,72.0
401671717,2024-12-22,PHI,WSH,Jalen Hurts,1/4,11,2.8,0,0,0-0,90.1,39.6
401671717,2024-12-22,PHI,WSH,Saquon Barkley,0/0,0,0.0,0,0,1-2,0.0,0.0
401671717,2024-12-22,WSH,PHI,Jayden Daniels,24/39,258,6.6,5,2,1-3,96.3,99.1
401671732,2024-12-22,ARI,CAR,Kyler Murray,20/32,202,6.3,1,1,3-26,57.8,77.9
401671732,2024-12-22,CAR,ARI,Bryce Young,17/26,158,6.1,2,0,3-9,81.9,107.5
401671759,2024-12-22,MIN,SEA,Sam Darnold,22/35,246,7.0,3,0,3-29,78.8,112.3
401671759,2024-12-22,SEA,MIN,Geno Smith,31/43,314,7.3,3,2,2-12,58.8,96.5
401671494,2024-12-22,NE,BUF,Drake Maye,22/36,261,7.3,2,1,2-8,67.2,90.2
401671494,2024-12-22,BUF,NE,Josh Allen,16/29,154,5.3,1,1,1-2,28.0,67.3
401671673,2024-12-22,JAX,LV,Mac Jones,25/39,247,6.3,1,0,1-11,43.1,90.4
401671673,2024-12-22,LV,JAX,Aidan O'Connell,24/38,257,6.8,0,0,2-12,39.4,82.9
401671874,2024-12-22,SF,MIA,Brock Purdy,26/40,313,7.8,2,1,3-20,70.6,95.1
401671874,2024-12-22,MIA,SF,Tua Tagovailoa,22/34,215,6.3,1,0,0-0,40.7,92.2
401671790,2024-12-23,TB,DAL,Baker Mayfield,31/43,303,7.0,2,1,4-27,64.6,97.3
401671790,2024-12-23,DAL,TB,Cooper Rush,26/35,292,8.3,1,0,1-6,70.2,108.3
401671692,2024-12-24,NO,GB,Spencer Rattler,15/30,153,5.1,0,1,3-24,18.5,51.1
401671692,2024-12-24,GB,NO,Jordan Love,16/28,182,6.5,1,0,0-0,87.2,88.7
401671692,2024-12-24,GB,NO,Malik Willis,1/2,34,17.0,0,0,0-0,80.3,95.8
401671799,2024-12-25,KC,PIT,Patrick Mahomes,29/38,320,8.4,3,0,0-0,89.8,127.1
401671799,2024-12-25,PIT,KC,Russell Wilson,23/37,205,5.5,0,1,5-43,40.0,65.7
401671800,2024-12-25,BAL,HOU,Lamar Jackson,10/15,168,11.2,2,0,1-3,99.8,143.9
401671800,2024-12-25,BAL,HOU,Josh Johnson,1/2,16,8.0,0,0,0-0,75.2,77.1
401671800,2024-12-25,HOU,BAL,C.J. Stroud,17/31,185,6.0,0,1,5-37,14.2,59.2
401671800,2024-12-25,HOU,BAL,Davis Mills,1/1,5,5.0,0,0,0-0,94.9,87.5
401671876,2024-12-27,SEA,CHI,Geno Smith,17/23,160,7.0,0,0,3-17,48.4,92.7
401671876,2024-12-27,CHI,SEA,Caleb Williams,16/28,122,4.4,0,1,7-46,25.1,53.0
401671832,2024-12-28,LAC,NE,Justin Herbert,26/38,281,7.4,3,0,0-0,88.2,116.2
401671832,2024-12-28,LAC,NE,Taylor Heinicke,0/2,0,0.0,0,0,0-0,8.3,39.6
401671832,2024-12-28,NE,LAC,Drake Maye,12/22,117,5.3,1,0,4-30,35.1,84.8
401671832,2024-12-28,NE,LAC,Jacoby Brissett,1/2,-2,-1.0,0,0,0-0,0.9,56.2
401671835,2024-12-28,DEN,CIN,Bo Nix,24/31,219,7.1,3,1,2-13,65.9,114.9
401671835,2024-12-28,CIN,DEN,Joe Burrow,39/49,412,8.4,3,0,7-28,91.0,122.1
401671829,2024-12-29,ARI,LAR,Kyler Murray,33/48,321,6.7,1,2,4-38,56.9,76.8
401671829,2024-12-29,LAR,ARI,Matthew Stafford,17/32,189,5.9,0,0,0-0,49.8,71.0
401671495,2024-12-29,NYJ,BUF,Aaron Rodgers,12/18,112,6.2,0,2,4-26,1.1,44.0
401671495,2024-12-29,NYJ,BUF,Tyrod Taylor,11/14,83,5.9,2,0,0-0,95.5,131.0
401671495,2024-12-29,BUF,NYJ,Josh Allen,16/27,182,6.7,2,0,0-0,71.7,104.2
401671495,2024-12-29,BUF,NYJ,Mitchell Trubisky,1/1,69,69.0,1,0,0-0,99.5,158.3
401671738,2024-12-29,LV,NO,Aidan O'Connell,20/35,242,6.9,2,0,1-10,88.0,97.6
401671738,2024-12-29,NO,LV,Spencer Rattler,20/36,218,6.1,1,2,3-27,35.3,59.7
401671738,2024-12-29,NO,LV,Cedrick Wilson Jr.,0/0,0,0.0,0,0,1-3,0.5,0.0
401671846,2024-12-29,IND,NYG,Joe Flacco,26/38,330,8.7,2,2,2-10,58.6,90.9
401671846,2024-12-29,NYG,IND,Drew Lock,17/23,309,13.4,4,0,0-0,97.6,155.3
401671765,2024-12-29,DAL,PHI,Cooper Rush,15/28,147,5.3,1,2,1-7,38.1,50.7
401671765,2024-12-29,DAL,PHI,Trey Lance,1/1,1,1.0,0,0,0-0,7.4,79.2
401671765,2024-12-29,PHI,DAL,Kenny Pickett,10/15,143,9.5,1,0,0-0,92.5,119.6
401671765,2024-12-29,PHI,DAL,Tanner McKee,3/4,54,13.5,2,0,0-0,96.6,156.2
401671653,2024-12-29,CAR,TB,Bryce Young,15/28,203,7.3,2,0,5-38,60.5,100.7
401671653,2024-12-29,TB,CAR,Baker Mayfield,27/32,359,11.2,5,0,2-10,90.1,153.0
401671634,2024-12-29,TEN,JAX,Mason Rudolph,19/31,193,6.2,1,1,3-15,41.5,76.4
401671634,2024-12-29,JAX,TEN,Mac Jones,15/22,174,7.9,2,0,2-1,64.1,122.2
401671877,2024-12-29,MIA,CLE,Tyler Huntley,22/26,225,8.7,1,0,4-19,73.4,115.5
401671877,2024-12-29,CLE,MIA,Dorian Thompson-Robinson,24/47,170,3.6,0,1,1-8,21.1,50.8
401671725,2024-12-29,GB,MIN,Jordan Love,19/30,185,6.2,1,0,3-18,82.7,91.7
401671725,2024-12-29,MIN,GB,Sam Darnold,33/43,377,8.8,3,1,1-5,79.8,116.1
401671842,2024-12-30,ATL,WSH,Michael Penix Jr.,19/35,223,6.4,1,1,2-12,41.7,71.5
401671842,2024-12-30,WSH,ATL,Jayden Daniels,24/36,227,6.3,3,1,5-31,73.3,100.1
401671698,2024-12-31,DET,SF,Jared Goff,26/34,303,8.9,3,0,2-16,73.2,132.4
401671698,2024-12-31,SF,DET,Brock Purdy,27/35,377,10.8,3,2,2-12,85.5,116.0
401671698,2024-12-31,SF,DET,Joshua Dobbs,3/4,35,8.8,0,0,0-0,100.0,101.0
401671698,2024-12-31,SF,DET,Ricky Pearsall,0/1,0,0.0,0,0,0-0,2.1,39.6
401671834,2025-01-04,CLE,BAL,Bailey Zappe,16/31,170,5.5,1,2,1-5,19.6,51.8
401671834,2025-01-04,CLE,BAL,Dorian Thompson-Robinson,2/3,13,4.3,0,0,1-4,16.7,75.7
401671834,2025-01-04,BAL,CLE,Lamar Jackson,16/32,217,6.8,2,0,0-0,70.7,92.8
401671836,2025-01-05,CIN,PIT,Joe Burrow,37/46,277,6.0,1,1,4-31,43.6,89.9
401671836,2025-01-05,PIT,CIN,Russell Wilson,17/31,148,4.8,1,0,4-29,31.5,78.4
401671827,2025-01-05,CAR,ATL,Bryce Young,25/34,251,7.4,3,0,0-0,94.3,123.5
401671827,2025-01-05,CAR,ATL,Jalen Coker,1/1,19,19.0,0,0,0-0,99.6,118.8
401671827,2025-01-05,ATL,CAR,Michael Penix Jr.,21/38,312,8.2,2,1,1-2,61.2,88.9
401671840,2025-01-05,WSH,DAL,Marcus Mariota,15/18,161,8.9,2,0,2-25,96.4,141.0
401671840,2025-01-05,WSH,DAL,Jayden Daniels,6/12,38,3.2,0,0,4-18,18.6,56.9
401671840,2025-01-05,WSH,DAL,Dyami Brown,0/1,0,0.0,0,0,0-0,5.4,39.6
401671840,2025-01-05,DAL,WSH,Trey Lance,20/34,244,7.2,0,0,2-16,43.9,81.0
401671844,2025-01-05,CHI,GB,Caleb Williams,21/29,148,5.1,1,0,1-7,60.6,95.2
401671844,2025-01-05,CHI,GB,Keenan Allen,0/1,0,0.0,0,1,0-0,0.0,0.0
401671844,2025-01-05,GB,CHI,Malik Willis,10/13,136,10.5,0,0,3-21,34.1,109.8
401671844,2025-01-05,GB,CHI,Jordan Love,7/12,69,5.8,0,0,0-0,50.6,74.7
401671826,2025-01-05,HOU,TEN,Davis Mills,12/22,128,5.8,0,0,1-11,63.4,71.8
401671826,2025-01-05,HOU,TEN,C.J. Stroud,6/6,50,8.3,1,0,0-0,95.4,141.0
401671826,2025-01-05,TEN,HOU,Will Levis,9/17,175,10.3,1,0,1-8,1.3,108.7
401671826,2025-01-05,TEN,HOU,Mason Rudolph,7/9,70,7.8,0,0,1-8,96.8,99.1
401671837,2025-01-05,JAX,IND,Mac Jones,20/32,225,7.0,1,1,2-19,43.7,80.9
401671837,2025-01-05,IND,JAX,Joe Flacco,23/40,264,6.6,1,0,3-12,44.9,85.8
401671831,2025-01-05,BUF,NE,Mitchell Trubisky,15/21,101,4.8,1,0,0-0,65.4,97.5
401671831,2025-01-05,BUF,NE,Mike White,3/11,28,2.5,0,0,0-0,14.0,39.6
401671831,2025-01-05,NE,BUF,Joe Milton III,22/29,241,8.3,1,0,0-0,72.4,111.4
401671831,2025-01-05,NE,BUF,Drake Maye,0/1,0,0.0,0,0,1-9,1.0,39.6
401671841,2025-01-05,NYG,PHI,Drew Lock,22/29,138,4.8,1,1,0-0,37.2,82.3
401671841,2025-01-05,PHI,NYG,Tanner McKee,27/41,269,6.6,2,0,2-17,65.5,100.6
401671828,2025-01-05,NO,TB,Spencer Rattler,26/42,240,5.7,1,0,2-12,57.2,85.4
401671828,2025-01-05,TB,NO,Baker Mayfield,21/32,221,6.9,2,1,1-5,91.2,93.4
401671838,2025-01-05,KC,DEN,Carson Wentz,10/17,98,5.8,0,0,4-22,21.2,75.1
401671838,2025-01-05,KC,DEN,Chris Oladokun,0/0,0,0.0,0,0,1-5,0.0,0.0
401671838,2025-01-05,DEN,KC,Bo Nix,26/29,321,11.1,4,0,0-0,97.2,152.4
401671839,2025-01-05,LAC,LV,Justin Herbert,28/36,346,9.6,2,0,1-10,93.1,125.2
401671839,2025-01-05,LV,LAC,Aidan O'Connell,24/34,214,6.3,2,1,0-0,49.4,94.5
401671839,2025-01-05,LV,LAC,Desmond Ridder,1/2,11,5.5,0,0,0-0,53.6,66.7
401671830,2025-01-05,SEA,LAR,Geno Smith,20/27,223,8.3,4,0,2-13,71.7,137.8
401671830,2025-01-05,LAR,SEA,Jimmy Garoppolo,27/41,334,8.1,2,1,3-15,48.3,97.0
401671833,2025-01-05,MIA,NYJ,Tyler Huntley,25/41,227,5.5,1,2,4-28,31.3,63.8
401671833,2025-01-05,NYJ,MIA,Aaron Rodgers,23/36,274,7.6,4,1,3-17,44.4,112.5
401671833,2025-01-05,NYJ,MIA,Allen Lazard,0/1,0,0.0,0,0,0-0,0.0,39.6
401671845,2025-01-05,SF,ARI,Joshua Dobbs,29/43,326,7.6,2,2,2-28,26.0,86.0
401671845,2025-01-05,ARI,SF,Kyler Murray,25/35,242,6.9,4,0,0-0,59.4,128.5
401671843,2025-01-06,MIN,DET,Sam Darnold,18/41,166,4.0,0,0,2-24,16.1,55.5
401671843,2025-01-06,DET,MIN,Jared Goff,27/33,231,7.0,1,2,2-15,84.5,80.7
