game_id,date,team,opponent,passing_yards_allowed,rushing_yards_allowed,total_yards_allowed,third_down_eff,red_zone_attempts,turnovers_forced,first_downs_allowed,first_downs_passing_allowed,first_downs_rushing_allowed,fourth_down_eff,yards_per_play_allowed,completion_attempts_allowed,yards_per_pass_allowed,yards_per_rush_allowed,penalty_yards_allowed,possession_time_against
401671789,2024-09-06,KC,BAL,267,185,452,7-14,1-4,1,25,11,13,1-2,6.1,26/41,6.4,5.8,7-64,33:43
401671789,2024-09-06,BAL,KC,281,72,353,4-9,1-3,1,21,15,4,0-0,7.1,20/28,9.4,3.6,6-45,26:17
401671805,2024-09-07,PHI,GB,251,163,414,3-11,1-4,1,19,9,7,1-1,7.1,17/35,6.8,7.8,10-71,27:13
401671805,2024-09-07,GB,PHI,266,144,410,4-14,3-6,3,25,14,8,1-1,5.5,20/34,7.4,3.8,7-57,32:47
401671744,2024-09-08,ATL,PIT,133,137,270,8-17,0-2,0,16,6,9,0-1,4.1,17/23,5.3,3.3,9-60,35:36
401671744,2024-09-08,PIT,ATL,137,89,226,2-9,1-2,3,15,8,6,1-1,4.5,16/26,4.9,4.0,5-34,24:24
401671617,2024-09-08,BUF,ARI,146,124,270,7-13,2-4,1,18,10,7,0-1,4.5,21/31,4.2,5.0,5-31,29:30
401671617,2024-09-08,ARI,BUF,222,130,352,3-9,4-6,1,23,11,8,2-2,6.1,18/23,8.9,3.9,9-65,30:30
401671719,2024-09-08,CHI,TEN,104,140,244,3-14,1-2,3,16,6,9,1-2,4.0,19/32,3.0,5.4,8-50,34:54
401671719,2024-09-08,TEN,CHI,64,84,148,2-13,0-1,1,11,5,6,2-2,2.8,14/29,2.1,3.8,7-55,25:06
401671628,2024-09-08,CIN,NE,120,170,290,6-15,1-4,0,17,6,11,0-0,4.5,15/24,4.8,4.4,5-40,34:03
401671628,2024-09-08,NE,CIN,154,70,224,4-11,1-2,2,13,7,5,0-1,4.7,21/29,4.8,4.4,2-10,25:57
401671861,2024-09-08,IND,HOU,204,213,417,7-14,3-3,0,26,13,11,2-2,5.5,24/32,5.7,5.3,5-30,40:00
401671861,2024-09-08,HOU,IND,199,104,303,5-10,2-3,1,14,4,9,1-2,7.0,9/19,9.5,4.7,4-20,20:00
401671849,2024-09-08,MIA,JAX,139,128,267,2-10,2-3,1,17,8,7,0-1,5.3,12/21,5.8,4.9,8-71,26:50
401671849,2024-09-08,JAX,MIA,319,81,400,8-16,1-2,0,18,11,5,0-2,6.2,23/37,8.0,3.2,9-103,33:10
401671734,2024-09-08,NO,CAR,135,58,193,1-10,1-2,3,11,7,2,1-3,3.5,13/31,3.9,2.9,6-80,23:21
401671734,2024-09-08,CAR,NO,199,180,379,7-13,4-4,1,22,7,13,0-0,6.1,19/24,8.0,4.9,10-95,36:39
401671712,2024-09-08,NYG,MIN,201,111,312,3-10,2-2,2,17,8,7,1-1,6.1,19/24,8.0,4.3,7-63,27:34
401671712,2024-09-08,MIN,NYG,166,74,240,7-18,0-3,2,14,8,5,1-3,3.5,22/42,3.5,3.5,9-95,32:26
401671659,2024-09-08,LAC,LV,225,71,296,5-14,0-1,3,14,12,1,0-1,5.0,25/33,6.1,3.2,2-15,31:44
401671659,2024-09-08,LV,LAC,140,176,316,4-15,2-4,0,11,6,5,0-0,5.9,17/26,5.2,6.5,7-50,28:16
401671664,2024-09-08,SEA,DEN,132,99,231,5-18,1-4,3,13,6,7,1-1,3.3,26/42,3.0,4.0,8-60,31:14
401671664,2024-09-08,DEN,SEA,158,146,304,4-12,0-1,2,19,11,5,0-0,5.1,18/25,5.9,4.4,6-41,28:46
401671761,2024-09-08,CLE,DAL,163,102,265,4-14,1-1,0,15,8,7,0-0,4.4,19/32,4.7,4.1,11-85,29:06
401671761,2024-09-08,DAL,CLE,137,93,230,2-15,2-2,2,15,8,5,3-5,3.3,24/45,2.7,4.9,11-64,30:54
401671770,2024-09-08,TB,WSH,161,138,299,2-8,3-3,0,22,7,12,1-1,5.3,17/24,6.2,4.6,7-51,26:19
401671770,2024-09-08,WSH,TB,280,112,392,9-13,3-5,0,22,15,4,0-0,6.4,24/30,9.0,3.7,7-46,33:41
401671792,2024-09-09,DET,LAR,304,83,387,5-12,2-5,1,26,15,8,1-2,5.2,34/49,6.0,3.6,6-50,34:56
401671792,2024-09-09,LAR,DET,200,163,363,6-13,2-4,1,21,7,12,1-1,6.0,18/28,6.7,5.3,6-56,29:45
401671696,2024-09-10,SF,NYJ,198,68,266,6-10,2-2,2,14,11,3,0-1,5.4,19/29,6.6,3.6,3-10,21:20
401671696,2024-09-10,NYJ,SF,221,180,401,6-13,2-5,0,24,12,10,0-0,5.7,19/29,6.9,4.7,4-40,38:40
401671807,2024-09-13,MIA,BUF,139,108,247,3-9,2-2,0,13,5,7,1-1,5.5,13/19,7.3,4.2,1-5,23:41
401671807,2024-09-13,BUF,MIA,212,139,351,7-15,1-4,3,20,12,8,1-5,4.7,25/39,5.2,4.1,7-50,36:19
401671709,2024-09-15,DAL,NO,242,190,432,5-8,4-5,1,24,8,15,0-0,7.7,11/16,14.2,4.9,5-40,30:31
401671709,2024-09-15,NO,DAL,285,68,353,6-13,0-3,2,20,13,5,1-3,5.3,28/42,6.3,3.2,4-26,29:29
401671721,2024-09-15,DET,TB,146,70,216,2-10,1-2,1,14,9,3,0-0,4.6,12/19,6.1,3.0,4-35,26:07
401671721,2024-09-15,TB,DET,324,139,463,7-17,1-7,2,26,16,7,3-5,5.6,35/56,5.8,5.1,4-71,33:53
401671723,2024-09-15,GB,IND,198,140,338,2-9,1-2,3,19,10,8,1-2,6.4,17/34,5.7,7.8,3-20,19:49
401671723,2024-09-15,IND,GB,122,261,383,10-17,1-3,1,19,6,13,0-0,5.7,12/14,8.7,4.9,6-50,40:11
401671636,2024-09-15,TEN,NYJ,164,101,265,5-12,1-2,0,16,9,6,0-0,4.7,18/30,5.1,4.2,7-70,30:03
401671636,2024-09-15,NYJ,TEN,170,130,300,5-12,1-4,2,20,7,9,0-1,5.0,19/28,5.3,4.6,5-45,29:57
401671645,2024-09-15,MIN,SF,294,102,396,2-10,2-4,2,24,17,5,1-3,5.9,28/36,7.0,4.1,4-30,34:48
401671645,2024-09-15,SF,MIN,257,146,403,7-12,1-3,2,17,9,8,0-0,7.5,17/26,8.6,6.1,7-53,25:12
401671702,2024-09-15,NE,SEA,312,46,358,7-15,1-3,0,18,11,5,1-2,5.4,33/44,6.6,2.4,6-50,29:41
401671702,2024-09-15,SEA,NE,125,185,310,6-16,2-4,0,19,9,8,0-0,4.7,15/27,4.2,5.1,3-42,35:42
401671716,2024-09-15,WSH,NYG,175,129,304,4-8,3-3,1,18,11,5,1-2,6.0,16/28,6.0,5.9,5-20,22:28
401671716,2024-09-15,NYG,WSH,210,215,425,7-14,0-6,0,22,11,9,1-1,6.2,23/29,6.2,6.1,10-69,37:32
401671652,2024-09-15,CAR,LAC,130,219,349,9-16,1-2,2,21,8,10,0-0,5.4,14/20,6.2,5.0,3-15,36:18
401671652,2024-09-15,LAC,CAR,69,90,159,1-12,0-0,1,7,3,4,1-3,3.5,18/26,2.5,5.0,9-90,23:42
401671635,2024-09-15,JAX,CLE,172,125,297,2-14,1-1,0,17,7,7,3-3,4.6,22/34,4.8,4.3,13-100,34:23
401671635,2024-09-15,CLE,JAX,196,127,323,3-9,1-4,0,18,9,7,0-0,5.9,14/30,5.8,6.0,6-52,25:37
401671624,2024-09-15,BAL,LV,233,27,260,4-12,2-3,1,18,14,1,0-1,4.3,30/38,5.4,1.6,3-15,30:43
401671624,2024-09-15,LV,BAL,232,151,383,3-11,2-3,1,21,14,5,1-1,6.1,21/34,6.4,5.6,11-109,29:17
401671754,2024-09-15,ARI,LAR,192,53,245,2-11,1-3,1,14,9,4,1-3,4.7,19/27,6.0,2.7,2-10,23:06
401671754,2024-09-15,LAR,ARI,258,231,489,7-11,3-4,1,24,9,14,0-0,7.9,17/21,11.7,5.8,5-52,36:54
401671668,2024-09-15,DEN,PIT,110,141,251,4-13,1-2,0,16,7,4,0-0,4.3,13/20,5.0,3.9,10-78,32:19
401671668,2024-09-15,PIT,DEN,231,64,295,2-12,0-3,2,13,8,5,1-2,5.3,20/35,6.2,3.4,9-124,27:41
401671670,2024-09-15,KC,CIN,246,74,320,4-13,2-4,1,18,11,6,2-2,5.2,23/36,6.3,3.4,8-79,31:29
401671670,2024-09-15,CIN,KC,137,149,286,1-8,1-2,3,19,7,9,2-2,4.8,18/25,5.1,4.7,4-44,28:31
401671786,2024-09-16,HOU,CHI,134,71,205,6-17,1-1,2,15,7,3,1-2,3.1,23/37,3.0,3.2,9-60,31:13
401671786,2024-09-16,CHI,HOU,235,75,310,4-14,1-2,1,15,11,4,1-1,5.1,23/36,6.0,3.4,12-115,28:47
401671691,2024-09-17,PHI,ATL,233,152,385,2-9,1-3,0,22,11,9,1-2,6.6,20/29,7.8,5.4,3-40,24:21
401671691,2024-09-17,ATL,PHI,179,186,365,6-13,2-5,1,22,12,10,2-3,5.4,23/30,5.8,5.0,9-53,35:39
401671808,2024-09-20,NYJ,NE,61,78,139,2-11,0-1,1,11,6,3,3-3,2.9,16/26,1.8,5.2,5-70,19:56
401671808,2024-09-20,NE,NYJ,267,133,400,10-15,3-4,0,27,16,9,0-0,5.7,27/35,7.2,4.0,8-106,40:04
401671855,2024-09-22,CLE,NYG,228,112,340,4-14,3-4,2,21,13,7,1-1,4.9,24/35,6.2,3.5,9-68,33:56
401671855,2024-09-22,NYG,CLE,148,69,217,4-14,1-1,2,16,7,7,1-3,3.4,21/37,3.3,3.8,5-48,26:04
401671823,2024-09-22,TEN,GB,190,188,378,5-14,1-3,0,16,6,9,0-0,6.4,13/19,8.6,5.1,10-75,32:28
401671823,2024-09-22,GB,TEN,204,33,237,3-9,2-2,3,18,14,3,0-1,4.5,26/34,4.9,3.0,2-15,27:32
401671865,2024-09-22,IND,CHI,332,63,395,9-21,2-3,3,26,18,4,4-5,4.7,33/52,5.9,2.3,4-25,35:01
401671865,2024-09-22,CHI,IND,156,150,306,3-12,2-3,2,15,4,9,0-1,5.7,10/20,7.4,4.5,9-78,24:59
401671646,2024-09-22,MIN,HOU,258,38,296,4-14,1-2,2,17,16,0,2-4,4.7,28/44,5.3,2.7,11-88,30:42
401671646,2024-09-22,HOU,MIN,156,118,274,6-13,4-5,0,19,12,5,1-1,4.6,17/28,4.9,4.2,5-30,29:18
401671736,2024-09-22,NO,PHI,288,172,460,6-14,1-3,2,20,11,8,1-3,6.9,29/38,6.9,6.9,7-45,32:15
401671736,2024-09-22,PHI,NO,130,89,219,6-13,1-3,1,12,7,5,0-1,4.0,14/25,5.0,3.1,3-25,27:45
401671632,2024-09-22,PIT,LAC,105,61,166,3-11,0-1,0,10,7,3,0-0,3.7,14/20,4.2,3.1,7-69,26:09
401671632,2024-09-22,LAC,PIT,232,114,346,7-14,1-4,1,20,9,7,0-0,5.3,25/32,6.8,3.7,3-15,33:51
401671741,2024-09-22,TB,DEN,216,136,352,4-13,2-4,1,18,8,10,2-3,5.5,25/36,6.0,4.9,5-51,32:08
401671741,2024-09-22,DEN,TB,132,91,223,3-11,1-2,2,17,11,4,0-2,4.0,25/33,3.3,5.7,5-19,27:52
401671658,2024-09-22,LV,CAR,306,131,437,5-12,3-5,0,24,15,8,0-0,6.2,26/37,7.8,4.2,7-51,36:02
401671658,2024-09-22,CAR,LV,276,55,331,3-11,3-3,1,20,15,3,1-3,5.6,27/40,6.4,3.4,6-54,23:58
401671662,2024-09-22,SEA,MIA,140,65,205,1-12,0-2,0,13,8,2,0-3,3.7,20/32,3.7,3.6,11-85,28:32
401671662,2024-09-22,MIA,SEA,270,100,370,3-11,2-2,2,21,13,7,0-0,6.2,26/34,7.3,4.3,11-92,31:28
401671763,2024-09-22,DAL,BAL,182,274,456,4-9,3-3,0,24,8,16,0-0,7.6,12/15,12.1,6.1,13-105,34:45
401671763,2024-09-22,BAL,DAL,361,51,412,7-13,3-4,1,26,18,2,0-1,5.9,28/51,6.7,3.2,6-44,25:15
401671772,2024-09-22,LAR,SF,288,137,425,6-11,2-3,1,25,13,8,1-1,6.5,22/30,9.3,4.0,7-111,33:27
401671772,2024-09-22,SF,LAR,198,98,296,5-12,3-5,0,19,8,8,2-2,5.4,16/26,6.8,3.8,8-75,26:33
401671771,2024-09-22,ARI,DET,186,187,373,6-12,2-2,1,23,11,12,0-1,5.5,18/23,7.4,4.3,9-79,36:49
401671771,2024-09-22,DET,ARI,200,77,277,1-9,1-1,1,17,10,2,0-2,5.2,21/34,5.7,4.3,4-30,23:11
401671793,2024-09-23,ATL,KC,217,128,345,6-14,2-4,1,22,13,9,1-1,4.8,26/39,5.6,3.9,6-61,34:57
401671793,2024-09-23,KC,ATL,229,82,311,2-9,2-4,1,19,11,4,1-3,5.6,20/29,7.4,3.3,6-44,25:03
401671682,2024-09-23,BUF,JAX,147,92,239,2-13,1-4,2,19,10,7,4-8,3.5,26/46,2.9,5.4,7-45,28:20
401671682,2024-09-23,JAX,BUF,266,122,388,6-11,4-5,0,25,15,9,2-2,6.5,24/31,8.6,4.2,6-47,31:40
401671490,2024-09-24,CIN,WSH,248,108,356,5-9,3-3,0,22,13,8,3-3,6.2,21/23,9.9,3.4,3-28,33:06
401671490,2024-09-24,WSH,CIN,312,124,436,6-10,2-4,0,30,18,11,1-1,7.3,29/38,7.8,6.2,5-16,26:54
401671812,2024-09-27,NYG,DAL,213,80,293,3-10,1-1,0,14,9,5,1-1,5.7,22/27,7.6,3.5,11-89,24:23
401671812,2024-09-27,DAL,NYG,277,26,303,5-16,0-2,1,16,12,4,3-4,4.7,29/40,6.8,1.1,4-35,35:37
401671727,2024-09-29,ATL,NO,235,131,366,7-13,3-4,2,25,11,12,1-2,5.2,28/36,6.4,4.0,6-60,35:42
401671727,2024-09-29,NO,ATL,227,88,315,4-11,0-1,1,14,9,4,0-0,6.2,21/35,6.3,5.9,9-76,24:18
401671871,2024-09-29,CHI,LAR,203,119,322,5-11,1-4,2,21,11,8,0-0,5.6,20/29,6.3,4.6,6-44,31:02
401671871,2024-09-29,LAR,CHI,133,131,264,3-9,2-4,0,17,7,7,0-0,4.9,17/23,5.1,4.7,10-84,28:58
401671643,2024-09-29,GB,MIN,254,120,374,4-11,3-5,3,22,11,8,0-1,5.8,20/28,8.5,3.5,7-55,32:15
401671643,2024-09-29,MIN,GB,379,86,465,4-12,4-5,4,24,19,3,0-2,6.3,32/54,6.9,4.5,8-68,27:45
401671867,2024-09-29,IND,PIT,282,122,404,6-13,3-4,2,23,11,10,0-2,5.9,22/34,7.4,4.1,6-53,31:07
401671867,2024-09-29,PIT,IND,225,133,358,8-15,3-5,0,22,13,7,0-0,5.6,19/30,7.0,4.2,4-38,28:53
401671622,2024-09-29,NYJ,DEN,60,126,186,3-14,1-1,1,12,3,8,0-0,3.3,12/25,2.4,4.1,5-74,28:16
401671622,2024-09-29,DEN,NYJ,184,64,248,4-17,0-2,1,16,10,4,0-1,3.5,24/42,3.9,2.8,13-90,31:44
401671740,2024-09-29,TB,PHI,114,113,227,6-13,2-3,2,16,6,9,1-2,4.1,18/30,3.2,5.7,5-41,23:43
401671740,2024-09-29,PHI,TB,334,111,445,6-13,4-6,0,29,18,9,1-1,6.0,30/47,6.8,4.4,3-20,36:17
401671745,2024-09-29,CAR,CIN,232,141,373,7-13,3-3,1,24,14,6,0-0,6.0,22/31,7.5,4.5,5-39,28:58
401671745,2024-09-29,CIN,CAR,220,155,375,7-14,2-3,1,24,12,10,1-3,5.4,25/41,5.4,5.3,6-37,31:02
401671857,2024-09-29,HOU,JAX,155,158,313,4-12,2-3,0,17,11,5,0-1,5.4,18/33,4.6,6.6,6-44,26:43
401671857,2024-09-29,JAX,HOU,334,101,435,7-13,3-4,1,26,20,4,0-0,6.4,27/40,8.0,3.9,12-93,33:17
401671755,2024-09-29,ARI,WSH,233,216,449,9-12,4-5,1,29,14,13,1-1,6.7,26/30,7.8,5.8,5-49,33:22
401671755,2024-09-29,WSH,ARI,115,181,296,4-11,2-2,1,17,5,12,2-3,5.1,16/22,4.4,5.7,4-82,26:38
401671758,2024-09-29,SF,NE,143,73,216,5-16,1-2,3,12,8,2,1-3,3.5,19/32,3.8,3.0,3-20,28:25
401671758,2024-09-29,NE,SF,283,148,431,7-13,2-4,2,19,12,6,0-0,7.2,15/27,10.1,4.6,6-43,31:35
401671672,2024-09-29,LV,CLE,149,92,241,3-10,1-2,1,16,9,6,0-1,4.2,24/32,4.3,4.2,5-38,30:42
401671672,2024-09-29,CLE,LV,116,152,268,4-12,2-3,1,17,7,8,0-0,4.9,14/24,4.5,5.2,6-49,29:18
401671674,2024-09-29,LAC,KC,228,101,329,9-16,1-2,2,16,8,6,0-0,5.7,19/29,7.1,3.9,5-40,29:08
401671674,2024-09-29,KC,LAC,169,55,224,4-13,1-2,0,12,9,3,0-1,4.2,16/27,5.8,2.3,9-51,30:52
401671783,2024-09-30,BAL,BUF,155,81,236,3-13,1-2,1,12,6,5,1-1,4.1,17/31,4.6,3.5,4-38,28:57
401671783,2024-09-30,BUF,BAL,156,271,427,5-9,4-4,1,22,9,11,0-0,7.9,14/19,7.8,8.0,8-79,31:03
401671683,2024-09-30,MIA,TEN,102,142,244,2-12,2-3,1,16,5,8,1-1,3.9,12/21,4.6,3.6,8-69,34:52
401671683,2024-09-30,TEN,MIA,78,106,184,2-12,1-1,1,13,4,6,1-3,3.4,14/22,3.3,3.5,10-98,25:08
401671491,2024-10-01,DET,SEA,383,133,516,5-10,3-4,2,38,22,10,1-2,6.6,38/56,6.5,7.0,8-70,34:04
401671491,2024-10-01,SEA,DET,273,116,389,3-6,5-5,0,21,12,8,0-0,7.8,19/19,12.4,4.1,12-101,25:56
401671815,2024-10-04,ATL,TB,173,160,333,6-11,2-3,1,21,12,8,0-0,6.5,19/24,6.9,6.2,5-47,27:38
401671815,2024-10-04,TB,ATL,477,73,550,6-14,2-4,1,28,24,2,2-3,6.8,42/59,7.6,4.1,8-74,33:37
401671804,2024-10-06,MIN,NYJ,218,36,254,5-17,2-3,3,17,13,2,0-1,3.6,29/54,3.8,2.6,8-76,29:23
401671804,2024-10-06,NYJ,MIN,171,82,253,4-13,1-1,2,17,8,4,0-1,3.8,15/32,4.8,2.7,11-80,30:37
401671872,2024-10-06,CHI,CAR,172,120,292,3-12,0-2,3,14,9,4,1-3,5.0,22/35,4.4,6.3,4-18,26:12
401671872,2024-10-06,CAR,CHI,296,128,424,4-11,3-4,0,24,12,11,0-1,6.1,20/29,9.9,3.3,5-46,33:48
401671626,2024-10-06,CIN,BAL,345,175,520,10-15,5-6,1,30,18,11,1-1,6.8,26/42,8.0,5.1,5-21,33:45
401671626,2024-10-06,BAL,CIN,371,71,442,8-14,3-3,1,23,19,3,0-0,6.8,30/39,8.8,3.1,4-24,32:42
401671700,2024-10-06,NE,MIA,179,193,372,2-11,1-2,2,24,10,10,0-1,5.0,18/31,5.3,4.7,6-54,34:20
401671700,2024-10-06,MIA,NE,148,151,299,4-13,0-2,0,15,8,5,0-1,5.4,18/34,4.1,7.9,12-105,25:40
401671718,2024-10-06,WSH,CLE,108,104,212,1-13,1-2,1,12,7,4,2-3,3.6,16/29,3.0,4.5,9-52,28:42
401671718,2024-10-06,CLE,WSH,219,215,434,8-17,3-6,2,19,8,10,2-2,6.7,15/28,7.1,6.3,5-31,31:18
401671633,2024-10-06,JAX,IND,348,99,447,7-14,3-5,1,25,17,7,1-1,6.5,34/45,7.1,5.0,5-34,31:32
401671633,2024-10-06,IND,JAX,371,126,497,3-10,2-4,2,20,13,6,1-2,8.7,28/34,10.9,5.5,3-25,28:28
401671859,2024-10-06,HOU,BUF,126,150,276,3-14,1-3,0,16,5,9,1-1,4.7,9/30,4.1,5.4,4-25,26:50
401671859,2024-10-06,BUF,HOU,331,94,425,8-16,1-2,2,18,13,5,0-1,6.3,28/38,8.5,3.4,7-65,33:10
401671747,2024-10-06,DEN,LV,215,115,330,7-15,1-2,3,20,13,5,0-1,5.1,22/37,5.4,4.6,11-79,31:23
401671747,2024-10-06,LV,DEN,180,109,289,3-12,3-4,0,18,9,6,1-1,5.0,19/27,6.0,3.9,9-44,28:37
401671756,2024-10-06,SF,ARI,189,169,358,3-10,1-3,1,19,10,9,1-1,6.3,19/30,6.1,6.5,1-5,27:02
401671756,2024-10-06,ARI,SF,231,153,384,6-11,1-6,3,22,13,9,0-1,6.1,19/35,6.2,5.9,4-21,32:58
401671679,2024-10-06,LAR,GB,202,126,328,1-8,2-3,1,19,8,9,0-0,5.7,15/26,7.2,4.2,7-39,27:19
401671679,2024-10-06,GB,LAR,236,134,370,8-16,2-3,2,24,11,12,2-4,4.9,29/45,4.9,4.8,5-30,32:41
401671680,2024-10-06,SEA,NYG,245,175,420,7-16,1-4,1,24,14,8,0-1,5.9,23/34,6.6,5.1,2-20,37:22
401671680,2024-10-06,NYG,SEA,231,102,333,3-11,1-1,1,17,14,3,0-2,5.7,28/40,4.9,9.3,6-30,22:38
401671784,2024-10-07,PIT,DAL,336,109,445,9-15,1-4,3,25,14,9,1-1,5.9,29/42,7.6,3.5,11-87,32:29
401671784,2024-10-07,DAL,PIT,134,92,226,3-12,2-2,1,17,7,6,2-2,4.0,16/28,4.3,3.5,8-50,27:31
401671687,2024-10-08,KC,NO,174,46,220,4-10,1-1,1,14,11,1,0-2,4.3,20/35,4.8,3.1,5-70,20:04
401671687,2024-10-08,NO,KC,321,139,460,6-14,2-7,1,28,15,11,1-1,5.8,28/39,7.8,3.6,6-55,39:56
401671819,2024-10-11,SEA,SF,255,228,483,5-12,3-5,0,21,10,9,0-0,7.9,18/28,9.1,6.9,5-34,33:03
401671819,2024-10-11,SF,SEA,306,52,358,7-16,2-3,3,22,18,3,2-3,4.9,30/52,5.8,2.6,9-69,26:57
401671802,2024-10-13,CHI,JAX,210,68,278,7-15,2-3,2,17,14,3,2-2,4.6,24/36,5.3,3.4,8-43,29:20
401671802,2024-10-13,JAX,CHI,221,152,373,5-11,4-4,1,25,14,8,1-1,6.1,23/29,6.9,5.2,2-10,30:40
401671722,2024-10-13,GB,ARI,214,89,303,4-10,1-3,3,16,8,5,0-0,5.5,22/32,6.7,3.9,13-100,23:25
401671722,2024-10-13,ARI,GB,258,179,437,7-12,2-4,1,27,15,9,1-1,6.2,22/32,8.1,4.7,5-40,36:35
401671820,2024-10-13,TEN,IND,189,80,269,7-15,1-3,1,20,11,4,1-1,4.1,22/38,5.0,2.9,5-40,29:28
401671820,2024-10-13,IND,TEN,95,146,241,4-11,2-2,1,16,7,7,1-1,4.4,16/27,3.5,5.2,11-113,30:32
401671619,2024-10-13,NE,HOU,176,192,368,4-11,3-3,1,20,13,5,0-0,5.9,20/32,5.2,6.9,4-38,30:47
401671619,2024-10-13,HOU,NE,209,82,291,3-13,1-1,4,17,12,3,2-2,4.6,20/33,5.6,3.2,9-50,29:13
401671735,2024-10-13,NO,TB,317,277,594,6-10,4-5,3,31,15,13,0-0,8.2,24/36,8.6,7.9,12-86,34:02
401671735,2024-10-13,TB,NO,222,81,303,4-13,2-4,3,19,13,3,1-1,4.6,22/40,4.9,3.9,7-70,25:58
401671714,2024-10-13,PHI,CLE,144,100,244,3-12,0-1,0,14,7,6,1-1,4.6,16/23,5.1,4.0,7-55,31:27
401671714,2024-10-13,CLE,PHI,256,116,372,5-14,0-1,0,19,11,8,2-2,6.0,16/25,9.8,3.2,5-40,28:33
401671625,2024-10-13,BAL,WSH,253,52,305,4-12,2-3,0,18,16,1,1-1,5.4,24/35,6.7,2.9,6-46,23:52
401671625,2024-10-13,WSH,BAL,308,176,484,6-10,3-4,1,28,16,9,0-0,7.4,20/26,11.0,4.8,3-33,36:08
401671655,2024-10-13,DEN,LAC,222,128,350,11-18,1-3,0,22,10,10,0-0,4.7,21/34,6.0,3.4,3-20,37:23
401671655,2024-10-13,LAC,DEN,206,110,316,3-11,2-2,2,17,10,7,2-2,6.0,19/33,5.9,6.1,7-37,22:37
401671657,2024-10-13,LV,PIT,110,183,293,4-13,2-4,0,18,6,10,1-1,4.7,14/24,4.1,5.2,7-50,31:51
401671657,2024-10-13,PIT,LV,218,57,275,2-11,2-3,3,16,11,5,1-3,4.6,27/40,5.3,3.0,4-42,28:09
401671764,2024-10-13,DAL,DET,308,184,492,4-10,3-5,0,27,14,12,1-2,7.5,19/27,10.3,5.1,8-63,34:43
401671764,2024-10-13,DET,DAL,198,53,251,3-13,0-3,5,16,10,2,1-4,3.9,25/44,4.1,3.1,4-30,25:17
401671769,2024-10-13,CAR,ATL,225,198,423,6-12,4-8,1,25,11,13,0-0,6.2,19/30,7.5,5.2,5-45,30:40
401671769,2024-10-13,ATL,CAR,221,114,335,5-11,2-3,2,21,12,8,0-1,5.4,26/38,5.8,4.8,10-74,29:20
401671791,2024-10-14,NYG,CIN,183,121,304,4-11,0-1,1,13,10,3,0-0,5.8,19/28,5.7,6.1,6-67,25:53
401671791,2024-10-14,CIN,NYG,190,119,309,5-15,1-2,1,24,10,11,3-5,4.2,22/41,4.4,3.8,2-9,34:07
401671684,2024-10-15,NYJ,BUF,210,149,359,5-11,3-4,0,24,10,10,0-0,6.0,19/25,7.8,4.5,11-94,29:34
401671684,2024-10-15,BUF,NYJ,272,121,393,4-12,1-4,1,20,12,5,0-0,6.7,23/35,7.2,5.8,11-110,30:26
401671816,2024-10-18,NO,DEN,164,225,389,4-11,2-3,1,22,8,13,0-0,6.4,16/26,6.3,6.4,7-47,33:16
401671816,2024-10-18,DEN,NO,174,97,271,5-17,1-2,2,15,7,6,3-4,4.1,28/39,3.9,4.6,5-35,26:44
401671801,2024-10-20,JAX,NE,257,38,295,6-12,2-2,0,17,13,2,0-1,5.5,26/37,6.6,2.5,7-35,26:45
401671801,2024-10-20,NE,JAX,193,171,364,6-10,3-5,0,23,9,13,0-1,6.2,15/20,9.7,4.4,4-24,33:15
401671730,2024-10-20,ATL,SEA,236,103,339,4-11,1-2,0,20,12,5,1-1,6.1,19/29,7.9,4.0,5-42,28:52
401671730,2024-10-20,SEA,ATL,214,155,369,8-15,2-2,3,22,13,8,2-2,5.2,25/36,5.5,4.8,9-72,31:08
401671616,2024-10-20,BUF,TEN,200,89,289,6-16,1-3,2,18,13,2,1-2,4.3,25/40,4.7,3.7,8-52,32:46
401671616,2024-10-20,TEN,BUF,315,74,389,3-10,4-6,0,18,14,3,0-0,7.2,21/33,9.3,3.7,5-40,27:14
401671853,2024-10-20,CLE,CIN,164,59,223,2-13,1-1,0,12,8,3,0-1,4.2,15/25,5.9,2.4,3-37,25:31
401671853,2024-10-20,CIN,CLE,259,77,336,8-19,2-2,2,18,12,5,1-2,4.4,31/52,4.6,3.7,10-80,34:29
401671644,2024-10-20,GB,HOU,55,142,197,4-13,2-4,0,15,6,9,0-0,3.4,10/21,2.2,4.3,5-55,31:17
401671644,2024-10-20,HOU,GB,195,82,277,4-10,2-2,3,18,12,4,0-0,4.9,24/33,5.4,4.1,8-55,28:43
401671864,2024-10-20,IND,MIA,149,188,337,6-15,1-3,2,18,8,9,0-1,5.0,15/26,5.3,4.7,6-50,31:11
401671864,2024-10-20,MIA,IND,129,155,284,4-13,1-3,1,16,6,10,0-0,4.7,10/24,5.4,4.2,4-25,28:49
401671724,2024-10-20,MIN,DET,247,144,391,4-10,1-1,1,19,15,3,0-1,7.0,22/25,8.5,5.3,8-49,29:03
401671724,2024-10-20,DET,MIN,244,139,383,4-10,0-0,1,16,10,4,0-0,7.4,22/27,7.9,6.6,8-59,30:57
401671710,2024-10-20,NYG,PHI,70,269,339,1-13,3-3,0,20,6,13,3-3,5.2,10/15,3.5,6.0,6-35,35:20
401671710,2024-10-20,PHI,NYG,43,76,119,3-14,0-1,0,10,6,4,0-0,2.2,17/29,1.2,4.2,5-35,24:40
401671663,2024-10-20,LAR,LV,195,122,317,3-15,0-2,4,20,12,7,1-1,4.2,21/44,4.2,4.2,10-80,33:48
401671663,2024-10-20,LV,LAR,144,115,259,2-10,2-3,1,15,6,7,0-1,5.0,14/23,6.0,4.1,3-28,26:12
401671640,2024-10-20,WSH,CAR,85,95,180,3-10,1-1,2,10,5,5,0-1,4.2,13/18,4.3,4.1,6-59,24:55
401671640,2024-10-20,CAR,WSH,207,214,421,5-10,3-6,0,26,12,10,0-0,6.7,20/25,8.0,5.8,8-55,35:05
401671777,2024-10-20,SF,KC,145,184,329,8-14,4-5,2,22,11,11,1-2,4.8,16/27,5.0,4.7,4-48,35:04
401671777,2024-10-20,KC,SF,209,101,310,2-11,2-4,3,19,8,7,1-1,5.5,17/31,6.5,4.2,6-40,24:56
401671785,2024-10-21,PIT,NYJ,269,54,323,3-10,2-3,2,17,13,3,1-2,5.9,24/39,6.7,3.6,5-50,27:51
401671785,2024-10-21,NYJ,PIT,260,149,409,5-14,4-6,0,21,12,8,2-2,6.2,16/29,8.7,4.1,4-36,32:09
401671695,2024-10-22,TB,BAL,264,244,508,3-8,4-5,1,22,12,7,1-1,9.4,17/22,11.0,8.1,9-85,24:55
401671695,2024-10-22,BAL,TB,356,125,481,11-17,3-5,2,28,19,7,1-1,6.2,31/45,7.4,4.2,8-75,35:05
401671699,2024-10-22,ARI,LAC,336,59,395,6-14,0-1,2,20,14,5,1-1,6.2,27/39,8.0,2.7,5-57,34:14
401671699,2024-10-22,LAC,ARI,145,181,326,2-7,1-2,1,22,10,10,0-1,5.9,14/26,5.6,6.2,3-15,25:46
401671817,2024-10-25,LAR,MIN,212,64,276,2-7,2-4,0,17,14,3,0-0,5.5,18/25,7.6,2.9,9-50,26:23
401671817,2024-10-25,MIN,LAR,279,107,386,4-10,3-3,1,26,16,5,1-1,5.8,25/34,8.2,3.3,6-40,33:37
401671667,2024-10-27,CIN,PHI,236,161,397,6-11,3-5,0,24,10,13,1-1,6.7,16/20,11.8,4.1,4-40,31:48
401671667,2024-10-27,PHI,CIN,222,58,280,10-13,2-3,2,18,15,3,0-1,4.8,26/37,5.8,2.9,1-3,28:12
401671852,2024-10-27,CLE,BAL,263,124,387,2-10,3-4,0,22,14,5,0-2,6.2,23/38,6.4,5.9,7-53,28:54
401671852,2024-10-27,BAL,CLE,321,80,401,8-15,0-2,1,22,16,5,0-0,6.1,27/41,7.5,3.5,7-74,31:06
401671720,2024-10-27,DET,TEN,258,158,416,3-11,2-4,4,23,12,9,1-2,5.9,22/38,6.6,4.9,8-60,35:37
401671720,2024-10-27,TEN,DET,61,164,225,3-9,5-5,0,17,9,5,0-0,4.8,15/19,2.7,6.8,3-29,24:23
401671850,2024-10-27,MIA,ARI,307,82,389,7-13,2-3,0,22,15,6,0-0,6.3,26/36,8.5,3.2,4-29,29:29
401671850,2024-10-27,ARI,MIA,227,150,377,11-15,3-4,0,22,15,7,0-0,5.9,28/38,5.8,6.0,2-15,30:31
401671618,2024-10-27,NE,NYJ,224,112,336,4-10,3-5,0,22,12,6,0-0,5.9,17/28,7.7,4.0,8-55,29:34
401671618,2024-10-27,NYJ,NE,136,112,248,7-15,3-4,0,19,7,10,1-1,3.9,18/30,4.3,3.6,5-50,30:26
401671739,2024-10-27,TB,ATL,265,129,394,6-12,1-1,0,20,11,8,2-2,6.6,23/29,8.5,4.4,4-43,27:26
401671739,2024-10-27,ATL,TB,330,102,432,9-14,3-3,3,24,16,8,1-2,6.0,37/50,6.6,4.6,6-45,32:34
401671707,2024-10-27,JAX,GB,252,170,422,3-11,2-6,1,22,11,8,0-0,6.3,18/27,9.0,4.4,3-20,34:09
401671707,2024-10-27,GB,JAX,299,91,390,1-9,3-3,2,19,14,5,1-1,7.0,21/32,9.1,4.0,8-59,25:51
401671856,2024-10-27,HOU,IND,140,163,303,2-13,1-2,2,17,7,10,2-2,4.8,10/32,3.8,6.3,9-57,24:40
401671856,2024-10-27,IND,HOU,267,96,363,4-13,2-6,1,21,15,5,0-0,5.3,25/37,6.8,3.3,5-30,35:20
401671750,2024-10-27,LAC,NO,249,117,366,2-16,0-1,0,15,9,4,1-1,5.4,22/42,5.3,5.6,7-66,28:52
401671750,2024-10-27,NO,LAC,256,122,378,3-12,2-3,0,19,12,6,0-1,5.9,20/32,7.3,4.2,4-34,31:08
401671760,2024-10-27,SEA,BUF,281,164,445,8-15,4-6,1,29,12,14,1-1,6.4,24/34,8.0,4.8,13-85,38:03
401671760,2024-10-27,BUF,SEA,201,32,233,1-7,1-3,2,17,13,2,0-1,5.0,21/29,6.7,1.9,11-82,21:57
401671600,2024-10-27,DEN,CAR,215,69,284,5-14,2-3,2,16,11,3,1-4,4.7,24/38,5.4,3.5,8-49,26:50
401671600,2024-10-27,CAR,DEN,298,102,400,11-17,4-5,2,23,16,6,1-2,5.5,30/39,7.3,3.2,4-43,33:10
401671671,2024-10-27,LV,KC,252,82,334,12-16,3-4,1,23,17,5,0-0,4.9,27/38,6.5,2.8,8-55,32:30
401671671,2024-10-27,KC,LV,195,33,228,6-13,2-4,1,15,13,1,1-2,4.1,24/30,5.6,1.6,5-32,27:30
401671599,2024-10-27,WSH,CHI,105,202,307,2-12,1-2,1,15,6,8,0-1,5.1,10/24,3.9,6.1,8-60,27:44
401671599,2024-10-27,CHI,WSH,313,168,481,5-15,0-3,0,23,15,6,0-0,6.7,21/38,7.8,5.3,5-30,32:16
401671795,2024-10-28,SF,DAL,236,56,292,4-12,2-3,2,18,13,3,1-2,4.9,25/38,5.9,2.9,6-30,26:48
401671795,2024-10-28,DAL,SF,246,223,469,8-16,3-4,0,19,9,10,0-1,7.3,18/26,8.8,6.2,9-73,33:12
401671685,2024-10-29,PIT,NYG,237,157,394,5-15,0-3,2,17,10,6,1-1,5.9,24/38,5.6,6.3,11-65,30:42
401671685,2024-10-29,NYG,PIT,259,167,426,6-13,0-4,1,20,12,6,0-0,6.8,20/28,8.1,5.4,5-50,29:18
401671809,2024-11-01,NYJ,HOU,135,187,322,6-17,1-4,1,21,6,10,2-2,4.3,11/31,3.5,5.2,7-60,33:42
401671809,2024-11-01,HOU,NYJ,193,100,293,5-12,2-3,1,17,11,4,1-1,5.3,22/32,5.7,4.8,9-83,26:18
401671728,2024-11-03,ATL,DAL,241,137,378,3-13,2-3,0,23,13,9,1-5,5.1,31/50,4.5,6.5,9-55,30:40
401671728,2024-11-03,DAL,ATL,210,100,310,4-13,3-3,1,17,12,5,2-2,5.5,19/24,8.1,3.3,4-26,29:20
401671493,2024-11-03,BUF,MIA,224,149,373,4-8,3-4,1,26,14,10,1-1,6.2,25/28,7.7,4.8,8-57,31:53
401671493,2024-11-03,MIA,BUF,231,94,325,5-10,2-5,1,24,15,5,1-1,5.5,25/39,5.8,4.9,4-40,28:07
401671704,2024-11-03,CIN,LV,157,60,217,5-13,1-1,2,16,10,4,0-1,3.7,21/33,4.1,2.9,6-51,24:46
401671704,2024-11-03,LV,CIN,243,130,373,8-15,4-5,1,26,18,5,1-1,5.3,27/39,6.1,4.2,7-60,35:14
401671629,2024-11-03,CLE,LAC,246,96,342,5-14,3-3,0,13,10,3,1-1,6.1,18/27,7.5,4.2,5-35,25:51
401671629,2024-11-03,LAC,CLE,213,79,292,6-17,1-3,3,21,14,6,2-3,3.8,26/46,4.1,3.3,4-25,34:09
401671822,2024-11-03,TEN,NE,185,110,295,3-11,2-2,3,20,10,7,1-1,4.5,29/41,4.1,5.5,8-58,29:09
401671822,2024-11-03,NE,TEN,233,167,400,7-16,2-5,1,24,13,9,0-1,5.5,20/33,6.9,4.3,10-67,38:44
401671711,2024-11-03,NYG,WSH,209,149,358,5-12,3-6,0,21,8,11,2-2,6.0,15/22,9.5,3.9,5-52,28:00
401671711,2024-11-03,WSH,NYG,162,164,326,6-11,2-3,1,25,10,12,2-2,5.5,20/26,5.8,5.3,4-51,32:00
401671650,2024-11-03,CAR,NO,230,197,427,5-15,2-4,0,25,12,11,2-3,5.8,18/32,7.0,4.8,10-109,34:19
401671650,2024-11-03,NO,CAR,166,80,246,4-10,3-3,1,15,8,5,0-0,4.9,16/26,6.1,3.5,6-55,25:41
401671623,2024-11-03,BAL,DEN,197,122,319,6-14,1-4,1,20,10,6,1-5,4.7,20/34,5.2,4.1,9-71,28:09
401671623,2024-11-03,DEN,BAL,269,127,396,3-8,4-6,0,25,12,8,0-0,7.3,16/19,13.5,3.7,6-53,31:51
401671797,2024-11-03,PHI,JAX,155,60,215,3-10,2-3,3,14,9,4,1-2,4.2,16/31,4.7,3.3,4-17,21:48
401671797,2024-11-03,JAX,PHI,210,237,447,9-17,3-4,1,21,11,9,0-2,6.1,18/24,7.8,5.2,8-67,38:12
401671661,2024-11-03,ARI,CHI,172,69,241,3-14,0-1,0,16,10,5,2-4,3.4,22/41,3.7,3.0,6-33,31:01
401671661,2024-11-03,CHI,ARI,137,213,350,5-13,2-3,2,18,7,10,0-1,6.1,13/20,6.0,6.3,2-15,28:59
401671767,2024-11-03,GB,DET,137,124,261,4-12,2-4,0,17,8,8,2-2,4.7,18/22,6.0,3.9,5-51,31:11
401671767,2024-11-03,DET,GB,273,138,411,3-12,1-4,1,20,10,7,2-3,6.6,23/39,7.0,6.0,10-67,28:49
401671776,2024-11-03,SEA,LAR,298,68,366,3-13,1-3,1,22,13,4,0-0,5.4,25/44,6.8,2.8,8-83,32:10
401671776,2024-11-03,LAR,SEA,317,107,424,4-15,1-4,3,20,14,4,2-3,5.7,21/34,7.7,3.2,12-95,32:53
401671647,2024-11-04,MIN,IND,159,68,227,3-11,0-0,2,13,9,3,1-2,4.6,16/27,5.3,3.6,7-50,23:06
401671647,2024-11-04,IND,MIN,282,133,415,6-12,3-5,3,29,17,10,1-1,5.8,29/35,7.2,4.2,3-41,36:54
401671688,2024-11-05,KC,TB,189,95,284,5-11,3-3,0,17,8,7,0-0,5.5,23/31,5.7,5.0,6-50,25:10
401671688,2024-11-05,TB,KC,260,124,384,12-18,4-4,1,28,19,9,1-1,4.6,34/44,5.4,3.5,3-30,40:42
401671810,2024-11-08,BAL,CIN,421,49,470,8-16,3-3,1,27,21,2,2-4,6.3,34/56,7.1,3.1,3-23,31:35
401671810,2024-11-08,CIN,BAL,290,99,389,7-12,4-4,0,20,14,5,0-0,6.7,25/33,8.8,4.0,11-81,28:25
401671803,2024-11-10,CAR,NYG,175,167,342,7-15,1-3,3,24,12,11,0-0,4.7,22/37,4.5,4.9,3-15,34:29
401671803,2024-11-10,NYG,CAR,118,188,306,6-15,2-3,1,15,6,8,0-0,5.3,15/25,4.5,5.9,10-87,27:38
401671873,2024-11-10,CHI,NE,184,144,328,5-14,1-5,1,16,9,7,1-1,5.4,15/25,7.1,4.1,7-40,32:28
401671873,2024-11-10,NE,CHI,69,73,142,1-14,0-1,0,11,6,4,2-4,2.4,16/30,1.8,3.7,5-25,27:32
401671863,2024-11-10,IND,BUF,280,135,415,7-14,2-4,2,21,11,9,2-3,5.9,22/37,7.2,4.4,8-54,32:08
401671863,2024-11-10,BUF,IND,240,121,361,4-11,2-4,4,19,14,4,2-3,5.9,26/35,6.2,5.5,5-25,27:52
401671637,2024-11-10,KC,DEN,182,78,260,7-13,1-2,0,16,12,4,0-0,4.7,22/30,5.7,3.4,6-35,26:39
401671637,2024-11-10,DEN,KC,243,57,300,7-16,1-4,0,19,13,4,2-2,4.6,28/42,5.3,3.0,3-10,33:21
401671733,2024-11-10,NO,ATL,287,181,468,5-14,1-3,1,25,12,9,1-2,6.4,23/38,7.0,5.7,6-45,35:07
401671733,2024-11-10,ATL,NO,269,96,365,5-13,1-3,0,14,8,5,0-1,7.0,16/25,10.8,3.6,8-76,24:53
401671742,2024-11-10,TB,SF,338,75,413,5-11,1-3,1,24,17,3,0-0,6.8,25/36,8.7,3.4,6-49,31:48
401671742,2024-11-10,SF,TB,105,110,215,5-14,2-4,0,18,8,6,1-1,3.7,18/29,3.4,4.1,5-42,28:12
401671641,2024-11-10,WSH,PIT,172,140,312,7-16,3-4,2,21,9,9,1-2,4.2,14/29,5.4,3.3,5-49,36:11
401671641,2024-11-10,PIT,WSH,182,60,242,5-14,3-3,1,19,7,9,0-1,4.1,17/34,4.9,2.7,5-41,23:49
401671708,2024-11-10,JAX,MIN,233,169,402,5-14,0-5,3,28,15,10,1-1,4.9,24/38,6.0,3.9,6-40,42:19
401671708,2024-11-10,MIN,JAX,87,56,143,5-11,1-1,3,10,5,4,0-0,3.3,14/22,3.5,3.1,3-25,17:41
401671751,2024-11-10,LAC,TEN,157,132,289,3-9,1-3,0,19,10,8,0-0,5.7,18/23,5.2,6.3,9-68,29:01
401671751,2024-11-10,TEN,LAC,164,145,309,4-10,3-5,0,23,8,11,1-1,5.4,14/18,9.1,3.7,5-30,30:59
401671676,2024-11-10,DAL,PHI,161,187,348,4-11,4-5,2,24,9,11,1-1,5.4,15/22,6.0,4.9,7-49,34:01
401671676,2024-11-10,PHI,DAL,49,97,146,3-14,0-2,5,11,4,5,2-2,2.6,17/29,1.5,4.0,5-40,25:59
401671678,2024-11-10,ARI,NYJ,128,79,207,6-13,0-3,1,17,10,5,1-3,3.8,22/35,3.4,4.6,3-25,27:18
401671678,2024-11-10,NYJ,ARI,259,147,406,5-7,4-5,0,28,15,11,1-1,7.1,22/24,10.4,4.6,5-58,32:42
401671787,2024-11-11,HOU,DET,240,105,345,7-12,2-3,5,19,11,7,0-0,5.6,15/30,8.0,3.3,4-61,27:32
401671787,2024-11-11,DET,HOU,192,56,248,6-15,2-4,2,16,12,3,0-0,3.8,19/33,5.2,2.0,4-30,32:28
401671693,2024-11-12,LAR,MIA,171,67,238,6-13,2-3,2,15,11,3,0-0,4.5,20/28,5.5,3.0,1-15,29:48
401671693,2024-11-12,MIA,LAR,257,70,327,3-12,0-3,2,20,16,4,0-0,4.8,32/46,5.1,3.9,6-64,30:12
401671813,2024-11-15,PHI,WSH,171,93,264,3-12,2-2,1,18,10,6,1-2,4.2,22/32,4.9,3.3,4-25,26:56
401671813,2024-11-15,WSH,PHI,206,228,434,9-16,1-3,0,23,9,13,0-0,6.2,18/28,6.9,5.7,4-49,33:04
401671869,2024-11-17,CHI,GB,260,106,366,1-5,3-5,1,19,10,8,0-1,8.5,13/17,14.4,4.2,3-25,23:39
401671869,2024-11-17,GB,CHI,212,179,391,9-16,1-2,0,23,12,10,3-3,5.8,23/31,6.2,5.3,7-50,36:21
401671642,2024-11-17,DET,JAX,129,41,170,2-10,0-1,1,10,7,2,1-2,3.6,17/29,4.3,2.4,6-40,20:54
401671642,2024-11-17,JAX,DET,449,196,645,6-10,5-5,0,38,22,14,3-3,8.5,27/33,13.6,4.6,4-46,39:06
401671824,2024-11-17,TEN,MIN,236,82,318,5-14,2-2,1,24,12,5,0-0,4.7,20/32,6.9,2.5,3-35,32:31
401671824,2024-11-17,MIN,TEN,261,33,294,6-15,0-1,1,11,8,3,0-2,5.3,17/31,7.3,1.7,13-91,27:29
401671851,2024-11-17,MIA,LV,268,60,328,8-14,1-3,1,22,17,3,2-2,5.3,30/43,5.8,3.8,7-49,26:48
401671851,2024-11-17,LV,MIA,271,82,353,8-12,3-4,0,25,18,4,2-2,5.5,28/36,7.1,3.2,4-23,33:12
401671701,2024-11-17,NE,LAR,295,107,402,2-8,3-4,0,19,13,5,1-1,7.9,18/27,10.9,4.5,7-66,22:40
401671701,2024-11-17,LAR,NE,257,125,382,6-14,2-5,2,26,16,6,0-0,5.3,29/39,6.1,4.2,7-45,37:20
401671746,2024-11-17,NO,CLE,377,66,443,3-13,0-1,0,22,17,3,1-3,6.3,30/47,7.5,3.3,3-14,29:22
401671746,2024-11-17,CLE,NO,259,214,473,5-10,2-3,2,19,11,8,1-1,8.2,22/29,8.6,7.6,5-41,30:38
401671782,2024-11-17,NYJ,IND,241,91,332,6-15,3-4,1,18,13,5,1-2,5.0,20/30,7.5,2.6,5-40,34:17
401671782,2024-11-17,IND,NYJ,162,91,253,4-13,2-3,0,10,7,3,0-1,4.9,22/29,5.1,4.6,2-14,25:43
401671630,2024-11-17,PIT,BAL,205,124,329,4-11,2-2,3,16,9,5,0-0,6.1,16/33,5.9,6.5,12-80,23:38
401671630,2024-11-17,BAL,PIT,181,122,303,4-16,0-4,1,18,9,7,0-1,4.1,23/36,4.5,3.6,7-45,36:22
401671748,2024-11-17,DEN,ATL,176,50,226,4-13,0-1,1,13,10,2,2-2,4.0,20/31,5.0,2.4,6-52,29:55
401671748,2024-11-17,ATL,DEN,295,105,400,6-11,4-4,0,22,14,7,1-1,6.7,28/33,8.7,4.0,4-45,30:05
401671757,2024-11-17,SF,SEA,195,94,289,6-13,2-2,1,19,10,8,1-2,4.9,25/32,5.4,4.1,4-20,26:35
401671757,2024-11-17,SEA,SF,146,131,277,7-11,2-3,1,21,10,9,0-0,4.9,21/28,4.9,4.9,9-54,33:25
401671665,2024-11-17,BUF,KC,181,78,259,5-10,3-3,2,19,15,3,0-1,5.0,23/33,5.2,4.6,6-57,25:57
401671665,2024-11-17,KC,BUF,262,104,366,9-15,3-4,1,24,13,9,1-2,5.2,27/40,6.6,3.4,3-24,34:03
401671675,2024-11-18,LAC,CIN,342,110,452,5-17,2-4,0,24,14,6,3-3,5.8,28/50,6.5,4.4,8-56,34:08
401671675,2024-11-18,CIN,LAC,280,155,435,3-11,1-2,1,24,14,7,1-1,6.9,17/36,7.4,6.2,5-50,25:52
401671694,2024-11-19,DAL,HOU,250,141,391,4-12,2-4,1,21,13,6,1-2,6.5,23/34,7.1,5.6,9-69,30:37
401671694,2024-11-19,HOU,DAL,324,64,388,5-15,0-1,2,24,17,3,0-4,4.9,33/56,5.3,3.6,9-66,29:23
401671875,2024-11-22,CLE,PIT,248,120,368,7-16,1-2,1,17,10,5,1-3,5.5,21/29,7.5,3.5,6-39,35:02
401671875,2024-11-22,PIT,CLE,219,85,304,1-10,3-4,3,17,8,8,4-4,5.5,18/27,7.8,3.1,8-48,24:58
401671870,2024-11-24,CHI,MIN,328,124,452,6-13,3-7,1,22,13,7,0-1,7.0,23/35,8.6,4.6,5-45,33:26
401671870,2024-11-24,MIN,CHI,320,78,398,6-17,3-3,1,20,14,6,2-3,5.5,32/48,6.3,3.5,7-80,34:24
401671866,2024-11-24,IND,DET,253,137,390,9-15,3-4,0,26,15,10,0-1,5.4,26/36,6.5,4.2,5-45,37:01
401671866,2024-11-24,DET,IND,172,96,268,3-12,0-2,0,11,7,3,0-1,5.5,11/28,6.1,4.6,10-75,22:59
401671847,2024-11-24,MIA,NE,182,86,268,3-14,0-0,2,14,8,4,1-3,4.3,22/38,4.3,4.0,10-75,27:56
401671847,2024-11-24,NE,MIA,308,65,373,4-12,3-4,1,23,19,2,0-0,5.7,29/40,7.3,2.7,3-17,32:04
401671638,2024-11-24,NYG,TB,294,157,451,6-11,4-5,1,24,12,10,1-2,7.3,24/30,9.8,4.9,4-29,33:59
401671638,2024-11-24,TB,NYG,169,76,245,5-11,1-3,1,17,11,5,0-2,4.4,22/32,4.7,3.8,4-42,26:01
401671715,2024-11-24,WSH,DAL,241,91,332,2-11,2-3,1,19,12,3,0-0,5.4,24/32,7.3,3.3,4-20,35:12
401671715,2024-11-24,DAL,WSH,267,145,412,4-12,2-2,3,19,11,8,0-0,6.1,25/38,6.4,5.8,8-78,24:48
401671651,2024-11-24,CAR,KC,226,165,391,8-13,2-5,0,27,15,8,1-1,5.8,27/37,5.4,6.3,10-91,32:16
401671651,2024-11-24,KC,CAR,249,85,334,5-13,2-6,0,21,13,6,2-2,5.8,21/35,6.7,4.0,9-53,27:44
401671858,2024-11-24,HOU,TEN,237,132,369,4-14,1-1,3,19,8,8,1-1,5.6,18/25,7.2,4.0,6-35,34:29
401671858,2024-11-24,TEN,HOU,220,40,260,3-13,2-4,2,12,11,0,0-0,4.8,20/33,5.9,2.4,11-81,25:31
401671656,2024-11-24,LV,DEN,262,63,325,6-15,2-4,0,19,13,5,0-0,5.0,25/42,6.1,2.9,6-58,31:11
401671656,2024-11-24,DEN,LV,300,69,369,4-14,1-5,2,21,15,4,2-2,5.0,31/53,5.2,4.3,4-44,28:49
401671768,2024-11-24,GB,SF,197,44,241,3-10,1-1,3,11,8,3,0-2,5.1,17/29,6.4,2.8,9-77,23:17
401671768,2024-11-24,SF,GB,156,169,325,6-13,5-5,0,22,9,12,1-2,4.9,13/23,6.2,4.0,5-40,36:43
401671775,2024-11-24,SEA,ARI,249,49,298,3-12,0-2,1,15,15,0,0-1,5.3,24/37,5.9,3.5,5-60,26:47
401671775,2024-11-24,ARI,SEA,220,65,285,7-14,1-2,1,17,12,4,0-0,4.7,22/31,6.1,2.6,5-51,33:13
401671794,2024-11-25,LAR,PHI,167,314,481,9-15,2-5,0,24,10,12,0-1,7.1,15/22,7.3,7.0,4-52,33:41
401671794,2024-11-25,PHI,LAR,198,92,290,0-8,2-4,1,23,13,8,3-3,4.9,24/36,4.8,5.1,4-38,26:19
401671689,2024-11-26,LAC,BAL,177,212,389,8-15,2-2,0,19,6,12,3-3,6.5,16/22,7.7,5.7,9-102,30:57
401671689,2024-11-26,BAL,LAC,202,83,285,5-14,2-2,0,19,9,7,2-2,4.8,21/36,5.1,4.2,7-62,29:03
401671492,2024-11-28,DET,CHI,223,78,301,7-15,1-1,0,17,11,3,0-2,5.1,20/39,5.1,5.2,8-78,24:46
401671492,2024-11-28,CHI,DET,211,194,405,5-14,2-5,1,25,12,10,1-1,5.9,21/34,5.9,5.9,6-79,35:14
401671779,2024-11-28,DAL,NYG,131,116,247,3-12,2-2,2,17,8,7,1-1,4.2,21/32,3.4,5.5,13-98,28:24
401671779,2024-11-28,NYG,DAL,195,122,317,7-15,2-4,0,21,10,7,0-1,4.7,21/36,5.4,3.8,6-48,31:36
401671798,2024-11-29,GB,MIA,336,39,375,4-14,2-4,1,21,20,1,3-5,5.8,37/46,6.6,2.8,10-75,33:04
401671798,2024-11-29,MIA,GB,274,114,388,5-11,3-5,0,19,11,7,0-0,7.3,21/28,9.8,4.6,7-44,26:56
401671806,2024-11-29,KC,LV,318,116,434,3-12,0-1,1,20,13,7,0-1,6.9,23/35,8.4,4.6,9-101,31:12
401671806,2024-11-29,LV,KC,266,63,329,7-16,1-5,0,18,14,2,0-0,4.9,26/46,5.2,3.9,7-40,28:48
401671649,2024-12-01,ATL,LAC,131,56,187,3-11,0-2,1,10,5,5,0-1,4.1,17/24,4.5,3.3,7-33,24:05
401671649,2024-12-01,LAC,ATL,234,116,350,3-14,1-4,4,24,13,7,2-4,4.5,24/39,5.9,3.1,2-10,35:55
401671627,2024-12-01,CIN,PIT,410,110,520,4-9,2-4,1,28,18,5,0-0,7.9,29/38,10.3,4.2,9-103,31:09
401671627,2024-12-01,PIT,CIN,282,93,375,4-8,4-5,3,25,16,5,0-0,6.6,28/38,6.7,6.2,11-101,28:51
401671726,2024-12-01,MIN,ARI,252,154,406,5-13,1-6,2,25,13,10,0-1,5.3,31/45,5.5,5.0,10-96,35:49
401671726,2024-12-01,ARI,MIN,205,68,273,1-8,2-4,1,19,13,4,1-1,5.4,21/31,5.7,4.5,3-56,24:11
401671620,2024-12-01,NE,IND,109,144,253,5-11,3-4,2,20,5,13,3-3,4.4,12/24,4.5,4.2,2-15,25:48
401671620,2024-12-01,IND,NE,222,200,422,6-11,2-6,1,23,14,9,0-0,6.5,24/30,6.5,6.5,7-88,34:12
401671703,2024-12-01,NYJ,SEA,175,84,259,4-13,2-3,2,16,7,5,1-2,4.5,20/31,5.1,3.7,5-50,31:21
401671703,2024-12-01,SEA,NYJ,169,89,258,5-13,2-3,2,17,12,3,1-3,4.2,21/39,4.1,4.2,12-83,28:39
401671743,2024-12-01,WSH,TEN,210,35,245,5-12,1-2,2,12,9,1,0-1,4.9,18/37,5.4,3.2,12-93,19:47
401671743,2024-12-01,TEN,WSH,196,267,463,9-14,5-7,1,29,12,13,1-1,6.0,25/30,6.1,5.9,7-65,40:13
401671705,2024-12-01,JAX,HOU,218,108,326,5-13,1-3,0,20,10,9,1-1,5.3,22/34,6.1,4.3,3-15,32:17
401671705,2024-12-01,HOU,JAX,276,97,373,5-15,2-4,1,19,13,5,2-2,5.6,24/42,6.6,3.9,4-30,27:43
401671753,2024-12-01,NO,LAR,166,156,322,4-9,3-3,0,22,9,12,1-2,5.9,14/24,6.4,5.4,3-30,27:23
401671753,2024-12-01,LAR,NO,184,143,327,5-15,0-2,0,19,11,7,2-3,4.8,24/37,5.0,4.6,4-38,32:37
401671752,2024-12-01,CAR,TB,209,236,445,2-12,2-5,2,27,14,11,1-1,5.8,22/34,5.5,6.1,7-54,39:31
401671752,2024-12-01,TB,CAR,289,78,367,6-16,1-4,1,19,14,3,0-0,5.4,26/46,6.1,3.7,7-62,27:39
401671666,2024-12-01,BAL,PHI,112,140,252,4-12,2-3,0,17,7,9,1-1,4.7,11/19,5.3,4.2,8-55,26:09
401671666,2024-12-01,PHI,BAL,206,166,372,6-15,2-5,0,24,11,10,1-2,5.2,23/36,5.3,5.2,4-20,33:51
401671781,2024-12-02,BUF,SF,86,153,239,3-10,1-3,3,15,4,10,1-1,5.1,11/18,4.3,5.7,2-10,26:33
401671781,2024-12-02,SF,BUF,152,220,372,6-12,4-4,0,20,7,12,1-1,6.6,14/18,8.4,5.8,5-35,33:27
401671686,2024-12-03,DEN,CLE,475,77,552,9-19,3-4,3,28,24,3,2-2,6.6,34/58,7.8,3.3,5-46,32:10
401671686,2024-12-03,CLE,DEN,294,106,400,6-13,2-4,2,19,11,5,0-0,6.6,18/35,8.4,4.1,4-57,27:50
401671814,2024-12-06,DET,GB,199,99,298,1-5,4-5,1,17,7,7,0-0,6.6,12/20,9.5,4.1,7-59,23:54
401671814,2024-12-06,GB,DET,280,111,391,7-15,4-5,1,27,18,7,4-5,5.1,32/41,6.7,3.3,7-56,36:06
401671821,2024-12-08,TEN,JAX,220,71,291,6-13,1-2,2,16,11,5,1-1,5.0,23/31,6.9,2.7,5-39,28:16
401671821,2024-12-08,JAX,TEN,146,126,272,8-16,0-2,0,17,8,8,0-3,4.4,19/32,4.3,4.5,4-25,31:44
401671848,2024-12-08,MIA,NYJ,319,83,402,4-12,2-5,0,23,18,3,2-2,6.4,27/39,7.6,4.0,10-83,31:02
401671848,2024-12-08,NYJ,MIA,331,44,375,1-9,3-4,0,28,21,3,2-2,5.7,33/47,7.0,2.3,8-49,32:53
401671648,2024-12-08,MIN,ATL,338,158,496,7-13,2-5,3,25,15,10,1-3,7.1,23/37,8.9,4.9,12-127,31:35
401671648,2024-12-08,ATL,MIN,318,115,433,8-12,4-4,0,23,15,5,0-0,7.7,22/28,9.9,4.8,6-35,28:25
401671601,2024-12-08,NYG,NO,200,92,292,5-15,2-2,1,18,10,7,0-1,4.4,20/31,6.1,2.8,6-40,31:49
401671601,2024-12-08,NO,NYG,213,112,325,5-19,1-3,1,16,12,4,2-4,4.4,21/49,4.2,4.9,12-112,28:11
401671713,2024-12-08,PHI,CAR,184,118,302,7-16,2-2,1,20,11,7,3-5,4.4,19/34,5.3,3.5,7-43,33:33
401671713,2024-12-08,CAR,PHI,83,209,292,7-12,3-3,0,18,7,11,0-0,5.2,14/21,3.3,6.7,7-40,26:27
401671631,2024-12-08,PIT,CLE,196,104,300,2-13,1-3,3,20,11,7,3-4,4.3,24/41,4.5,4.2,9-81,30:00
401671631,2024-12-08,CLE,PIT,147,120,267,6-14,2-4,1,15,6,8,0-0,4.3,15/26,5.4,3.4,6-61,30:00
401671654,2024-12-08,TB,LV,195,91,286,4-13,1-4,2,16,8,7,3-3,4.5,23/37,5.0,3.6,3-31,31:30
401671654,2024-12-08,LV,TB,268,152,420,5-12,3-3,3,21,13,7,1-1,7.1,18/29,8.1,5.8,5-31,28:30
401671660,2024-12-08,ARI,SEA,233,176,409,7-15,2-5,0,18,10,8,0-0,6.7,24/30,7.8,5.7,9-62,33:02
401671660,2024-12-08,SEA,ARI,235,121,356,4-12,1-3,2,21,14,7,1-1,5.7,25/38,5.9,5.3,6-49,26:58
401671773,2024-12-08,LAR,BUF,342,103,445,5-9,3-3,0,25,14,6,0-0,8.2,22/37,9.2,6.1,7-59,21:30
401671773,2024-12-08,BUF,LAR,320,137,457,11-15,5-6,0,28,15,10,1-1,6.3,23/30,10.7,3.3,9-99,38:30
401671774,2024-12-08,SF,CHI,94,68,162,4-10,2-2,1,14,10,4,0-0,3.1,18/24,3.0,3.2,2-30,28:12
401671774,2024-12-08,CHI,SF,321,131,452,6-12,5-6,1,22,13,8,2-2,7.4,20/26,11.9,3.9,7-31,31:48
401671788,2024-12-09,KC,LAC,194,94,288,6-13,2-3,0,20,11,6,1-1,5.1,21/30,5.9,3.9,7-50,30:53
401671788,2024-12-09,LAC,KC,202,96,298,8-15,1-3,0,20,11,7,0-0,4.6,24/37,5.1,3.8,8-98,29:07
401671690,2024-12-10,DAL,CIN,359,74,433,4-10,2-4,1,23,18,4,0-1,6.7,33/44,7.8,3.9,10-77,33:11
401671690,2024-12-10,CIN,DAL,166,156,322,4-12,2-4,2,17,9,7,1-2,5.5,16/31,4.9,6.2,4-36,26:49
401671818,2024-12-13,SF,LAR,160,142,302,4-15,0-3,0,14,6,8,1-1,4.6,16/27,5.9,3.7,4-40,35:04
401671818,2024-12-13,LAR,SF,128,63,191,3-12,0-0,1,11,7,4,0-0,3.6,14/31,3.8,3.3,4-25,24:56
401671854,2024-12-15,CLE,KC,179,132,311,7-18,2-4,0,18,12,6,0-1,4.1,21/40,4.5,3.8,4-30,31:37
401671854,2024-12-15,KC,CLE,127,139,266,4-12,0-0,6,16,9,5,0-1,4.4,20/34,3.3,6.6,6-45,28:23
401671825,2024-12-15,TEN,CIN,269,101,370,10-13,3-5,4,24,12,9,0-0,5.8,26/37,7.1,3.9,14-113,28:31
401671825,2024-12-15,CIN,TEN,291,83,374,5-8,4-4,6,25,13,9,0-0,5.8,29/38,7.5,3.2,12-110,31:29
401671737,2024-12-15,NO,WSH,189,137,326,9-17,2-3,0,23,11,11,1-1,4.4,25/31,4.8,3.9,9-84,40:50
401671737,2024-12-15,WSH,NO,176,69,245,3-11,1-2,1,17,11,3,1-1,4.8,15/32,5.0,4.3,4-36,19:10
401671639,2024-12-15,NYG,BAL,275,170,445,9-11,1-2,1,25,13,12,0-0,7.5,21/25,9.8,5.5,12-112,28:58
401671639,2024-12-15,BAL,NYG,181,55,236,2-12,1-2,1,19,8,3,3-5,3.9,22/37,4.5,2.8,6-44,31:02
401671731,2024-12-15,CAR,DAL,199,211,410,6-12,3-4,1,24,11,12,0-0,5.9,18/29,6.6,5.3,14-99,33:46
401671731,2024-12-15,DAL,CAR,175,60,235,3-11,1-2,4,16,7,4,1-1,4.7,19/28,5.1,3.8,8-65,26:14
401671706,2024-12-15,JAX,NYJ,275,125,400,4-10,2-3,0,22,10,8,1-1,7.4,16/30,8.9,5.4,8-62,25:36
401671706,2024-12-15,NYJ,JAX,285,136,421,8-15,2-4,2,27,13,10,0-0,5.5,31/46,5.9,4.7,8-106,34:24
401671860,2024-12-15,HOU,MIA,172,52,224,4-13,1-2,4,18,11,3,2-2,3.6,29/40,4.0,2.7,8-64,33:24
401671860,2024-12-15,MIA,HOU,104,77,181,5-13,2-3,1,12,8,3,1-1,3.6,18/26,3.5,3.9,7-70,26:36
401671669,2024-12-15,DEN,IND,161,149,310,4-15,0-1,5,18,8,7,2-4,4.3,17/38,4.0,4.7,8-69,31:32
401671669,2024-12-15,IND,DEN,121,72,193,6-17,2-2,3,13,5,5,0-0,3.2,20/33,3.6,2.7,6-58,28:28
401671681,2024-12-15,DET,BUF,362,197,559,5-10,5-7,0,28,15,11,1-1,8.2,23/34,10.6,5.8,6-49,32:42
401671681,2024-12-15,BUF,DET,473,48,521,6-13,5-5,1,30,27,3,3-3,6.8,38/59,7.6,3.2,5-41,27:18
401671766,2024-12-15,PHI,PIT,107,56,163,3-10,1-2,1,10,5,4,0-0,4.0,14/22,4.5,3.3,5-60,20:08
401671766,2024-12-15,PIT,PHI,270,131,401,10-17,3-6,2,26,15,10,1-1,5.2,25/32,7.7,3.1,7-54,39:52
401671677,2024-12-15,ARI,NE,195,116,311,0-6,2-3,1,17,10,7,1-2,6.3,19/23,7.8,4.8,4-45,25:52
401671677,2024-12-15,NE,ARI,232,163,395,10-15,3-4,0,21,9,9,0-0,6.2,25/32,7.3,5.1,4-35,34:08
401671762,2024-12-15,LAC,TB,283,223,506,9-15,1-4,2,24,12,9,1-1,7.6,22/27,10.1,5.7,8-83,36:48
401671762,2024-12-15,TB,LAC,174,32,206,0-6,2-3,2,14,10,1,0-2,4.3,22/34,4.7,2.9,7-60,23:12
401671796,2024-12-16,SEA,GB,229,140,369,5-12,2-4,1,21,10,8,0-1,6.0,20/27,8.5,4.1,5-27,32:58
401671796,2024-12-16,GB,SEA,128,80,208,4-13,0-1,2,14,7,5,0-0,3.7,20/33,3.2,5.0,5-108,27:02
401671489,2024-12-17,MIN,CHI,171,113,284,1-12,1-3,1,16,8,7,1-3,4.5,19/32,5.0,3.9,9-93,30:06
401671489,2024-12-17,CHI,MIN,215,114,329,7-14,3-4,1,24,14,8,0-1,4.6,24/40,5.1,3.9,10-56,29:54
401671697,2024-12-17,LV,ATL,93,168,261,4-13,0-0,1,14,6,7,0-0,4.6,11/17,4.7,4.5,6-30,33:52
401671697,2024-12-17,ATL,LV,184,65,249,4-14,1-1,3,16,11,5,2-2,3.8,23/39,4.3,3.0,7-55,26:08
401671749,2024-12-20,LAC,DEN,245,110,355,5-13,3-3,0,22,14,7,2-2,5.6,29/40,5.8,5.2,7-61,32:23
401671749,2024-12-20,DEN,LAC,263,117,380,6-12,3-4,1,23,14,7,0-1,6.2,23/31,8.0,4.2,2-8,27:37
401671780,2024-12-21,KC,HOU,227,84,311,7-13,1-3,2,20,14,6,0-0,5.4,23/39,5.5,4.9,6-45,26:08
401671780,2024-12-21,HOU,KC,251,124,375,7-13,3-5,0,25,14,8,1-2,5.4,28/41,6.0,4.4,2-20,33:52
401671778,2024-12-21,BAL,PIT,198,117,315,4-10,2-2,2,19,14,5,0-1,5.2,22/33,5.5,4.9,5-29,27:35
401671778,2024-12-21,PIT,BAL,198,220,418,4-10,3-5,1,25,12,11,0-0,6.7,15/23,8.3,5.8,2-10,32:25
401671729,2024-12-22,ATL,NYG,189,45,234,3-9,1-2,3,14,11,3,0-1,4.3,22/39,4.5,3.5,10-85,25:32
401671729,2024-12-22,NYG,ATL,202,127,329,8-14,2-4,1,22,10,11,0-0,5.1,18/27,7.5,3.3,3-30,34:28
401671868,2024-12-22,CHI,DET,329,146,475,7-12,2-5,0,27,15,10,0-1,7.3,23/32,10.0,4.6,7-55,31:29
401671868,2024-12-22,DET,CHI,323,59,382,2-10,1-3,2,19,15,2,3-4,6.5,26/40,7.7,3.5,10-70,28:31
401671811,2024-12-22,CIN,CLE,125,148,273,3-12,1-3,3,18,8,7,1-3,4.3,20/34,3.2,6.2,5-41,29:12
401671811,2024-12-22,CLE,CIN,210,116,326,4-11,2-3,1,21,14,6,0-0,5.8,23/30,6.2,5.3,5-35,30:48
401671862,2024-12-22,IND,TEN,242,65,307,5-11,3-3,3,18,11,4,0-0,5.4,23/34,6.9,3.0,4-35,26:59
401671862,2024-12-22,TEN,IND,123,335,458,8-15,2-3,1,19,6,12,1-1,7.4,7/11,10.3,6.7,7-62,33:01
401671621,2024-12-22,NYJ,LAR,110,132,242,5-10,2-5,1,17,7,9,0-0,4.8,14/19,5.8,4.3,5-45,27:55
401671621,2024-12-22,LAR,NYJ,246,75,321,5-13,1-3,2,17,14,3,2-5,5.1,28/42,5.7,3.8,8-62,32:05
401671717,2024-12-22,WSH,PHI,127,211,338,3-16,2-4,2,20,9,6,3-3,4.8,15/28,4.0,5.4,10-91,36:18
401671717,2024-12-22,PHI,WSH,255,113,368,7-13,3-4,5,23,13,7,2-3,5.8,24/39,6.4,4.7,6-93,23:42
401671732,2024-12-22,CAR,ARI,176,206,382,6-13,3-4,2,23,11,9,1-1,6.0,20/32,5.0,7.1,11-82,33:24
401671732,2024-12-22,ARI,CAR,149,243,392,6-14,3-4,0,22,9,11,2-2,6.0,17/26,5.1,6.8,9-64,33:18
401671759,2024-12-22,SEA,MIN,217,81,298,3-12,2-2,0,19,12,5,1-1,4.8,22/35,5.7,3.4,7-70,30:41
401671759,2024-12-22,MIN,SEA,302,59,361,2-10,2-2,2,23,17,4,1-1,6.0,31/43,6.7,3.9,11-77,29:19
401671494,2024-12-22,BUF,NE,253,126,379,7-12,2-3,3,28,13,8,2-2,5.6,22/36,6.7,4.2,5-34,30:57
401671494,2024-12-22,NE,BUF,152,172,324,4-11,1-1,1,19,11,8,1-1,5.6,16/29,5.1,6.1,13-78,29:03
401671673,2024-12-22,LV,JAX,236,72,308,6-15,1-1,2,15,9,5,1-2,5.0,25/39,5.9,3.4,8-60,25:42
401671673,2024-12-22,JAX,LV,245,69,314,4-14,2-3,0,21,13,7,0-0,4.7,24/38,6.1,2.6,7-62,34:18
401671874,2024-12-22,MIA,SF,293,81,374,5-13,2-5,1,20,16,3,0-1,6.1,26/40,6.8,4.5,11-90,26:54
401671874,2024-12-22,SF,MIA,215,166,381,4-12,1-3,0,22,13,6,0-0,6.0,22/34,6.3,5.5,6-45,33:06
401671790,2024-12-23,DAL,TB,276,134,410,6-12,3-3,2,25,14,11,0-1,5.9,31/43,5.9,5.8,6-47,32:48
401671790,2024-12-23,TB,DAL,286,31,317,5-15,2-2,0,15,12,2,0-0,5.7,26/35,7.9,1.6,5-30,27:12
401671692,2024-12-24,GB,NO,129,67,196,4-11,0-0,2,14,9,3,0-2,3.7,15/30,3.9,3.4,7-40,22:47
401671692,2024-12-24,NO,GB,216,188,404,6-13,4-4,0,24,10,14,3-3,5.9,17/30,7.2,4.8,6-60,37:13
401671799,2024-12-25,PIT,KC,320,69,389,3-10,4-5,0,20,16,4,1-1,6.7,29/38,8.4,3.5,9-90,28:38
401671799,2024-12-25,KC,PIT,162,202,364,8-16,1-4,2,23,9,13,0-1,5.0,23/37,3.9,6.5,4-25,31:22
401671800,2024-12-25,HOU,BAL,181,251,432,4-9,3-3,0,25,8,16,0-0,7.1,11/17,10.1,5.8,3-30,35:21
401671800,2024-12-25,BAL,HOU,153,58,211,4-15,0-2,1,10,8,1,0-2,3.9,18/32,4.1,3.4,5-49,24:39
401671876,2024-12-27,CHI,SEA,143,122,265,5-13,0-1,1,12,7,5,0-0,5.2,17/23,5.5,4.9,3-25,29:40
401671876,2024-12-27,SEA,CHI,76,103,179,5-15,0-1,1,11,7,4,1-2,3.1,16/28,2.2,4.5,4-23,30:20
401671832,2024-12-28,NE,LAC,281,147,428,10-17,2-4,0,29,16,10,2-2,5.6,26/40,7.0,4.0,6-54,40:34
401671832,2024-12-28,LAC,NE,85,96,181,2-10,0-0,1,11,4,4,0-3,3.8,13/24,3.0,4.8,7-60,19:26
401671835,2024-12-28,CIN,DEN,206,123,329,4-12,1-2,1,19,10,9,1-1,5.5,24/31,6.2,4.6,7-35,26:57
401671835,2024-12-28,DEN,CIN,384,115,499,7-13,4-7,1,34,23,6,1-3,5.9,39/49,6.9,4.1,3-15,41:56
401671829,2024-12-29,LAR,ARI,283,113,396,6-13,1-4,2,24,16,7,0-2,5.4,33/48,5.4,5.1,9-62,36:55
401671829,2024-12-29,ARI,LAR,189,68,257,6-15,1-2,0,12,8,4,0-0,4.8,17/32,5.9,3.1,7-46,23:05
401671495,2024-12-29,BUF,NYJ,169,112,281,4-9,1-2,3,20,9,9,0-1,4.9,23/32,4.7,5.3,16-120,28:43
401671495,2024-12-29,NYJ,BUF,251,97,348,8-14,3-3,0,23,10,7,0-1,5.6,17/28,9.0,2.9,7-60,31:17
401671738,2024-12-29,NO,LV,232,156,388,10-18,2-4,0,22,14,7,0-0,5.2,20/35,6.4,4.1,3-20,37:50
401671738,2024-12-29,LV,NO,188,81,269,1-10,0-1,2,13,8,4,1-1,5.1,20/36,4.7,6.2,10-85,22:10
401671846,2024-12-29,NYG,IND,320,126,446,7-13,3-5,3,25,16,7,1-2,6.1,26/38,8.0,3.8,3-21,33:23
401671846,2024-12-29,IND,NYG,309,80,389,7-13,2-3,0,15,10,3,0-1,7.3,17/23,13.4,2.7,7-94,26:37
401671765,2024-12-29,PHI,DAL,141,127,268,6-14,1-2,4,16,7,8,0-0,4.5,16/29,4.7,4.2,8-69,27:11
401671765,2024-12-29,DAL,PHI,197,179,376,6-13,3-5,0,20,6,11,1-1,6.2,13/19,10.4,4.3,4-25,32:49
401671653,2024-12-29,TB,CAR,165,39,204,2-9,1-1,0,13,10,2,0-1,4.4,15/28,5.0,3.0,4-30,18:49
401671653,2024-12-29,CAR,TB,349,202,551,10-14,5-8,0,33,17,14,0-0,7.4,27/32,10.3,5.1,5-40,41:11
401671634,2024-12-29,JAX,TEN,178,159,337,7-14,1-2,1,23,11,10,1-2,5.3,19/31,5.2,5.3,5-34,30:40
401671634,2024-12-29,TEN,JAX,173,122,295,8-13,2-2,0,18,9,9,0-0,5.2,15/22,7.2,3.7,7-50,29:20
401671877,2024-12-29,CLE,MIA,206,74,280,2-11,2-2,0,18,12,4,0-1,4.9,22/26,6.9,2.7,11-94,30:41
401671877,2024-12-29,MIA,CLE,162,114,276,7-17,0-3,2,18,7,8,0-4,3.6,24/47,3.4,4.1,9-84,29:19
401671725,2024-12-29,MIN,GB,167,104,271,8-14,3-4,1,17,11,4,0-1,4.8,19/30,5.1,4.3,7-51,24:30
401671725,2024-12-29,GB,MIN,372,69,441,6-12,2-4,1,26,20,4,0-0,6.3,33/43,8.5,2.7,7-47,35:30
401671842,2024-12-30,WSH,ATL,211,126,337,2-10,3-3,1,23,11,8,2-2,5.6,19/35,5.7,5.5,4-25,25:46
401671842,2024-12-30,ATL,WSH,196,216,412,6-13,4-6,1,29,13,14,3-3,5.4,24/36,4.8,6.0,13-108,41:32
401671698,2024-12-31,SF,DET,287,152,439,9-14,3-4,0,23,16,7,2-3,6.4,26/34,8.0,4.6,6-57,34:52
401671698,2024-12-31,DET,SF,400,75,475,5-8,5-5,2,29,19,7,1-1,7.9,30/40,9.5,4.2,5-30,25:08
401671834,2025-01-04,BAL,CLE,174,56,230,4-12,1-3,2,13,9,1,0-2,4.2,18/34,4.8,2.9,3-20,28:20
401671834,2025-01-04,CLE,BAL,217,220,437,7-14,3-4,0,20,12,8,0-3,6.5,16/32,6.8,6.3,10-83,31:40
401671836,2025-01-05,PIT,CIN,246,68,314,5-13,1-4,2,21,15,5,0-1,4.4,37/46,4.9,3.2,6-25,38:00
401671836,2025-01-05,CIN,PIT,119,74,193,4-12,2-2,1,16,8,6,0-2,3.3,17/31,3.4,3.2,3-20,22:00
401671827,2025-01-05,ATL,CAR,270,155,425,7-12,5-6,0,25,16,9,1-1,6.5,26/35,7.7,5.2,2-30,34:05
401671827,2025-01-05,CAR,ATL,310,227,537,9-14,4-5,1,31,11,20,2-3,7.0,21/38,7.9,6.0,7-55,32:41
401671840,2025-01-05,DAL,WSH,156,113,269,6-13,3-3,1,18,11,6,1-1,4.9,21/31,4.2,6.3,5-55,22:57
401671840,2025-01-05,WSH,DAL,228,150,378,7-17,1-6,0,23,12,9,1-2,5.0,20/34,6.3,3.8,11-67,37:03
401671844,2025-01-05,GB,CHI,141,83,224,7-14,1-1,2,16,10,5,1-1,3.9,21/30,4.5,3.2,7-45,29:04
401671844,2025-01-05,CHI,GB,184,183,367,3-10,1-3,2,20,7,13,0-1,6.0,17/25,6.6,5.5,5-45,30:56
401671826,2025-01-05,TEN,HOU,167,207,374,5-12,1-4,1,18,8,8,1-2,6.4,18/28,5.8,7.1,6-48,30:01
401671826,2025-01-05,HOU,TEN,229,85,314,5-15,0-2,1,14,9,5,2-3,5.2,16/26,8.2,2.7,7-68,29:59
401671837,2025-01-05,IND,JAX,206,113,319,5-14,2-3,1,19,10,9,0-1,4.7,20/32,6.1,3.3,4-57,30:51
401671837,2025-01-05,JAX,IND,252,177,429,5-15,1-3,0,24,11,12,0-1,5.6,23/40,5.9,5.2,3-15,35:58
401671831,2025-01-05,NE,BUF,129,130,259,6-15,2-2,0,16,7,8,1-4,4.0,18/32,4.0,3.9,6-35,28:46
401671831,2025-01-05,BUF,NE,232,77,309,4-12,1-3,1,19,14,5,1-1,5.1,22/30,7.5,2.6,7-59,31:14
401671841,2025-01-05,PHI,NYG,138,100,238,4-14,0-1,1,10,4,6,2-4,4.4,22/29,4.8,4.0,6-40,30:12
401671841,2025-01-05,NYG,PHI,252,51,303,3-14,2-4,0,21,15,3,1-2,4.5,27/41,5.9,2.0,1-0,29:48
401671828,2025-01-05,TB,NO,228,64,292,3-13,1-2,0,19,14,4,2-3,4.6,26/42,5.2,3.4,8-77,27:44
401671828,2025-01-05,NO,TB,216,179,395,10-16,2-3,1,20,11,6,1-1,6.2,21/32,6.5,5.8,12-90,32:16
401671838,2025-01-05,DEN,KC,71,27,98,1-9,0-0,0,5,4,0,1-2,3.0,10/17,3.2,2.5,3-15,18:11
401671838,2025-01-05,KC,DEN,321,158,479,10-14,4-5,0,29,15,14,2-2,6.7,26/29,11.1,3.7,5-41,41:49
401671839,2025-01-05,LV,LAC,336,137,473,7-14,3-6,0,26,13,11,1-1,6.6,28/36,9.1,3.9,7-40,38:58
401671839,2025-01-05,LAC,LV,225,39,264,2-9,1-2,1,16,11,3,1-2,5.5,25/36,6.3,3.3,3-28,21:02
401671830,2025-01-05,LAR,SEA,210,126,336,6-11,3-3,0,18,13,5,0-0,6.3,20/27,7.2,5.3,3-23,28:50
401671830,2025-01-05,SEA,LAR,319,84,403,5-14,2-4,1,20,16,3,2-3,6.2,27/41,7.3,4.0,2-10,31:10
401671833,2025-01-05,NYJ,MIA,199,135,334,3-12,2-5,4,21,14,7,3-3,4.9,25/41,4.4,5.9,4-32,32:04
401671833,2025-01-05,MIA,NYJ,257,118,375,5-12,4-5,1,22,14,7,1-2,6.0,23/37,6.4,5.4,6-35,27:56
401671845,2025-01-05,ARI,SF,298,138,436,5-13,2-2,3,26,16,9,1-2,6.0,29/43,6.6,4.9,13-85,31:51
401671845,2025-01-05,SF,ARI,242,151,393,4-11,4-4,0,26,14,8,2-2,6.3,25/35,6.9,5.6,1-5,28:09
401671843,2025-01-06,DET,MIN,142,120,262,3-13,0-4,0,14,7,3,0-3,4.2,18/41,3.3,6.3,6-30,23:48
401671843,2025-01-06,MIN,DET,216,178,394,5-12,3-3,2,24,14,9,2-4,6.0,27/33,6.2,5.7,8-49,36:12
